method,q_uid,q_type,gold_table_id,gold_cells,Hit@1,Cov@1,Suff@1,Tok@1,Hit@3,Cov@3,Suff@3,Tok@3,Hit@5,Cov@5,Suff@5,Tok@5
B-test,1,row,bu-t0001,2,1,0.0,0,120,1,1.0,1,333,1,1.0,1,536
B-test,2,row,bu-t0001,2,1,1.0,1,120,1,1.0,1,335,1,1.0,1,540
B-test,3,row,bu-t0001,2,1,1.0,1,120,1,1.0,1,327,1,1.0,1,583
B-test,4,row,bu-t0001,2,0,1.0,1,103,1,1.0,1,352,1,1.0,1,563
B-test,5,cross,bu-t0001,1,0,0.0,0,110,1,1.0,1,333,1,1.0,1,575
B-test,6,row,bu-t0001,2,0,1.0,1,102,0,1.0,1,315,0,1.0,1,571
B-test,7,cross,bu-t0002,1,0,1.0,1,133,1,1.0,1,356,1,1.0,1,614
B-test,8,row,bu-t0002,2,1,0.0,0,113,1,0.0,0,391,1,0.0,0,632
B-test,9,col,bu-t0001,12,0,0.25,0,110,1,0.8333333333333334,0,333,1,0.8333333333333334,0,563
B-test,10,col,bu-t0001,12,0,0.25,0,110,1,0.8333333333333334,0,333,1,0.8333333333333334,0,563
B-test,11,col,bu-t0001,12,0,0.25,0,110,0,0.75,0,315,1,1.0,1,564
B-test,12,col,bu-t0001,12,0,0.25,0,110,1,0.8333333333333334,0,333,1,1.0,1,564
B-test,13,col,bu-t0001,12,0,0.5833333333333334,0,113,1,0.75,0,325,1,0.75,0,549
B-test,14,col,bu-t0001,12,0,0.5833333333333334,0,113,1,0.5833333333333334,0,337,1,0.8333333333333334,0,547
B-test,15,col,bu-t0001,12,0,0.5833333333333334,0,113,1,0.75,0,315,1,0.75,0,544
B-test,16,col,bu-t0001,12,0,0.5833333333333334,0,113,1,0.5833333333333334,0,337,1,1.0,1,538
B-test,17,col,bu-t0001,12,0,0.25,0,103,0,0.5,0,342,0,0.75,0,571
B-test,18,col,bu-t0002,12,1,0.4166666666666667,0,113,1,0.5,0,355,1,0.8333333333333334,0,612
B-test,19,col,bu-t0002,12,1,0.4166666666666667,0,113,1,0.5,0,355,1,0.8333333333333334,0,612
B-test,20,col,bu-t0002,12,1,0.5,0,113,1,0.9166666666666666,0,377,1,0.9166666666666666,0,612
B-test,21,col,bu-t0002,12,0,0.08333333333333333,0,133,1,0.9166666666666666,0,377,1,0.9166666666666666,0,614
B-test,22,cross,bu-t0001,1,0,0.0,0,110,1,1.0,1,332,1,1.0,1,540
B-test,23,cross,bu-t0001,1,0,0.0,0,102,1,1.0,1,349,1,1.0,1,583
B-test,24,cross,bu-t0001,1,0,1.0,1,103,0,1.0,1,342,1,1.0,1,564
B-test,25,cross,bu-t0001,1,1,1.0,1,120,1,1.0,1,348,1,1.0,1,590
B-test,26,cross,bu-t0001,1,0,1.0,1,110,1,1.0,1,332,1,1.0,1,564
B-test,27,cross,bu-t0001,1,0,1.0,1,110,0,1.0,1,315,0,1.0,1,571
B-test,28,cross,bu-t0001,1,0,0.0,0,161,1,1.0,1,383,1,1.0,1,615
B-test,29,cross,bu-t0001,1,1,1.0,1,120,1,1.0,1,348,1,1.0,1,560
B-test,30,cross,bu-t0001,1,0,0.0,0,110,0,1.0,1,315,0,1.0,1,571
B-test,31,cross,bu-t0001,1,1,1.0,1,120,1,1.0,1,311,1,1.0,1,519
B-test,32,cross,bu-t0001,1,0,1.0,1,103,1,1.0,1,324,1,1.0,1,563
B-test,33,cross,bu-t0002,1,1,1.0,1,113,1,1.0,1,355,1,1.0,1,612
B-test,34,cross,bu-t0002,1,1,1.0,1,113,1,1.0,1,342,1,1.0,1,606
B-test,35,cross,bu-t0002,1,1,0.0,0,113,1,0.0,0,372,1,0.0,0,633
B-test,36,cross,bu-t0002,1,1,1.0,1,113,1,1.0,1,366,1,1.0,1,624
B-test,37,cross,bu-t0002,1,1,0.0,0,113,1,0.0,0,356,1,1.0,1,612
B-test,38,multi_cross,bu-t0002,2,0,0.0,0,110,0,0.0,0,333,1,0.5,0,575
B-test,39,cross,bu-t0002,1,1,0.0,0,113,1,0.0,0,356,1,0.0,0,591
B-test,40,cross,bu-t0002,1,0,0.0,0,126,1,0.0,0,372,1,1.0,1,612
B-test,41,cross,bu-t0002,1,0,1.0,1,133,1,1.0,1,372,1,1.0,1,612
B-test,42,cross,ait-t0001,1,1,1.0,1,126,1,1.0,1,423,1,1.0,1,691
B-test,43,cross,ait-t0001,1,0,0.0,0,188,1,1.0,1,423,1,1.0,1,686
B-test,44,cross,ait-t0001,1,0,0.0,0,188,1,1.0,1,434,1,1.0,1,632
B-test,45,cross,ait-t0001,1,0,0.0,0,188,1,1.0,1,434,1,1.0,1,650
B-test,46,cross,ait-t0001,1,0,0.0,0,188,0,0.0,0,462,1,1.0,1,683
B-test,47,cross,ait-t0001,1,0,0.0,0,188,0,0.0,0,421,1,1.0,1,650
B-test,48,cross,ait-t0001,1,0,1.0,1,188,0,1.0,1,462,1,1.0,1,683
B-test,49,cross,ait-t0001,1,0,0.0,0,188,1,1.0,1,423,1,1.0,1,711
B-test,50,cross,ait-t0001,1,0,0.0,0,188,1,1.0,1,423,1,1.0,1,697
B-test,51,cross,ait-t0001,1,0,0.0,0,188,1,1.0,1,434,1,1.0,1,632
B-test,52,cross,ait-t0001,1,0,0.0,0,188,1,1.0,1,434,1,1.0,1,650
B-test,53,cross,ait-t0001,1,0,0.0,0,188,1,1.0,1,423,1,1.0,1,656
B-test,54,cross,ait-t0001,1,0,0.0,0,188,0,0.0,0,476,0,0.0,0,695
B-test,55,cross,ait-t0001,1,1,1.0,1,126,1,1.0,1,359,1,1.0,1,571
B-test,56,cross,ait-t0001,1,0,0.0,0,188,1,1.0,1,434,1,1.0,1,639
B-test,57,cross,ait-t0001,1,0,0.0,0,120,1,1.0,1,348,1,1.0,1,561
B-test,58,cross,ait-t0001,1,0,0.0,0,102,1,1.0,1,348,1,1.0,1,585
B-test,59,cross,ait-t0001,1,0,0.0,0,152,1,1.0,1,387,1,1.0,1,617
B-test,60,cross,ait-t0001,1,0,0.0,0,152,1,1.0,1,398,1,1.0,1,603
B-test,61,cross,ait-t0001,1,0,0.0,0,120,1,1.0,1,348,1,1.0,1,564
B-test,62,cross,ait-t0002,1,1,1.0,1,109,1,1.0,1,374,1,1.0,1,589
B-test,63,cross,ait-t0002,1,1,1.0,1,109,1,1.0,1,355,1,1.0,1,567
B-test,64,cross,ait-t0002,1,1,1.0,1,109,1,1.0,1,339,1,1.0,1,592
B-test,65,cross,ait-t0002,1,1,1.0,1,109,1,1.0,1,339,1,1.0,1,568
B-test,66,cross,ait-t0002,1,1,1.0,1,109,1,1.0,1,355,1,1.0,1,567
B-test,67,row,ait-t0001,4,0,0.0,0,102,0,0.0,0,332,0,0.0,0,536
B-test,68,row,ait-t0001,4,0,0.0,0,102,0,0.0,0,332,0,0.0,0,562
B-test,69,row,ait-t0001,4,0,0.0,0,120,0,0.0,0,332,0,0.0,0,567
B-test,70,row,ait-t0001,4,0,0.0,0,113,0,0.0,0,335,0,0.0,0,548
B-test,71,row,ait-t0002,4,0,0.0,0,120,0,0.0,0,343,0,0.0,0,551
B-test,72,row,ait-t0002,4,0,0.0,0,120,0,0.0,0,343,0,0.0,0,548
B-test,73,row,ait-t0002,4,0,0.0,0,120,0,0.0,0,343,0,0.0,0,548
B-test,74,row,ait-t0002,4,0,0.0,0,120,0,0.0,0,343,0,0.0,0,548
B-test,75,row,ait-t0002,4,0,0.0,0,120,0,0.0,0,343,0,0.0,0,575
B-test,76,cross,ait-t0003,1,0,0.0,0,188,0,0.0,0,446,0,0.0,0,723
B-test,77,col,iis-t0001,6,1,0.16666666666666666,0,165,1,0.16666666666666666,0,446,1,0.16666666666666666,0,661
B-test,78,col,iis-t0001,6,1,0.16666666666666666,0,165,1,0.16666666666666666,0,446,1,0.16666666666666666,0,661
B-test,79,cross,iis-t0001,1,1,1.0,1,165,1,1.0,1,372,1,1.0,1,593
B-test,80,cross,iis-t0001,1,1,0.0,0,165,1,0.0,0,428,1,0.0,0,551
B-test,81,cross,iis-t0001,1,1,0.0,0,165,1,0.0,0,428,1,0.0,0,658
B-test,82,cross,iis-t0001,1,1,1.0,1,161,1,1.0,1,428,1,1.0,1,661
B-test,83,cross,iis-t0001,1,1,0.0,0,165,1,0.0,0,372,1,0.0,0,593
B-test,84,cross,iis-t0001,1,1,0.0,0,161,1,0.0,0,428,1,0.0,0,622
B-test,85,cross,iis-t0001,1,1,0.0,0,161,1,0.0,0,383,1,0.0,0,653
B-test,86,cross,iis-t0001,1,1,0.0,0,165,1,0.0,0,428,1,0.0,0,649
B-test,87,cross,iis-t0001,1,1,0.0,0,165,1,0.0,0,407,1,0.0,0,570
B-test,88,cross,iis-t0001,1,1,0.0,0,161,1,0.0,0,428,1,0.0,0,653
M1-test,1,row,bu-t0001,2,0,0.0,0,200,1,1.0,1,664,1,1.0,1,876
M1-test,2,row,bu-t0001,2,0,0.0,0,10,1,1.0,1,474,1,1.0,1,701
M1-test,3,row,bu-t0001,2,1,1.0,1,362,1,1.0,1,736,1,1.0,1,1206
M1-test,4,row,bu-t0001,2,0,0.5,0,53,1,1.0,1,459,1,1.0,1,525
M1-test,5,cross,bu-t0001,1,0,1.0,1,56,1,1.0,1,471,1,1.0,1,525
M1-test,6,row,bu-t0001,2,1,1.0,1,362,1,1.0,1,592,1,1.0,1,932
M1-test,7,cross,bu-t0002,1,1,1.0,1,330,1,1.0,1,546,1,1.0,1,961
M1-test,8,row,bu-t0002,2,0,0.0,0,200,0,0.0,0,473,1,1.0,1,856
M1-test,9,col,bu-t0001,12,1,1.0,1,362,1,1.0,1,892,1,1.0,1,1109
M1-test,10,col,bu-t0001,12,1,1.0,1,362,1,1.0,1,892,1,1.0,1,1165
M1-test,11,col,bu-t0001,12,1,1.0,1,362,1,1.0,1,807,1,1.0,1,1024
M1-test,12,col,bu-t0001,12,1,1.0,1,362,1,1.0,1,807,1,1.0,1,1122
M1-test,13,col,bu-t0001,12,0,0.0,0,53,1,1.0,1,547,1,1.0,1,644
M1-test,14,col,bu-t0001,12,0,0.0,0,53,1,1.0,1,547,1,1.0,1,644
M1-test,15,col,bu-t0001,12,0,0.0,0,53,0,0.08333333333333333,0,385,0,0.08333333333333333,0,482
M1-test,16,col,bu-t0001,12,0,0.0,0,53,0,0.08333333333333333,0,226,0,0.08333333333333333,0,326
M1-test,17,col,bu-t0001,12,1,1.0,1,362,1,1.0,1,425,1,1.0,1,596
M1-test,18,col,bu-t0002,12,1,1.0,1,330,1,1.0,1,701,1,1.0,1,856
M1-test,19,col,bu-t0002,12,1,1.0,1,330,1,1.0,1,701,1,1.0,1,1141
M1-test,20,col,bu-t0002,12,1,1.0,1,330,1,1.0,1,868,1,1.0,1,1149
M1-test,21,col,bu-t0002,12,1,1.0,1,330,1,1.0,1,701,1,1.0,1,930
M1-test,22,cross,bu-t0001,1,1,1.0,1,362,1,1.0,1,702,1,1.0,1,975
M1-test,23,cross,bu-t0001,1,1,1.0,1,362,1,1.0,1,736,1,1.0,1,966
M1-test,24,cross,bu-t0001,1,1,1.0,1,362,1,1.0,1,892,1,1.0,1,1122
M1-test,25,cross,bu-t0001,1,1,1.0,1,362,1,1.0,1,459,1,1.0,1,921
M1-test,26,cross,bu-t0001,1,1,1.0,1,362,1,1.0,1,863,1,1.0,1,1165
M1-test,27,cross,bu-t0001,1,0,0.0,0,115,1,1.0,1,592,1,1.0,1,1122
M1-test,28,cross,bu-t0001,1,1,1.0,1,362,1,1.0,1,744,1,1.0,1,932
M1-test,29,cross,bu-t0001,1,1,1.0,1,362,1,1.0,1,807,1,1.0,1,966
M1-test,30,cross,bu-t0001,1,1,1.0,1,362,1,1.0,1,807,1,1.0,1,1024
M1-test,31,cross,bu-t0001,1,0,0.0,0,10,0,0.0,0,70,1,1.0,1,485
M1-test,32,cross,bu-t0001,1,1,1.0,1,362,1,1.0,1,892,1,1.0,1,1178
M1-test,33,cross,bu-t0002,1,1,1.0,1,330,1,1.0,1,701,1,1.0,1,1165
M1-test,34,cross,bu-t0002,1,1,1.0,1,330,1,1.0,1,892,1,1.0,1,1401
M1-test,35,cross,bu-t0002,1,1,1.0,1,330,1,1.0,1,701,1,1.0,1,986
M1-test,36,cross,bu-t0002,1,1,1.0,1,330,1,1.0,1,892,1,1.0,1,1401
M1-test,37,cross,bu-t0002,1,1,1.0,1,330,1,1.0,1,863,1,1.0,1,1165
M1-test,38,multi_cross,bu-t0002,2,0,0.0,0,362,0,0.0,0,425,1,1.0,1,811
M1-test,39,cross,bu-t0002,1,1,1.0,1,330,1,1.0,1,701,1,1.0,1,1165
M1-test,40,cross,bu-t0002,1,0,0.0,0,200,1,1.0,1,701,1,1.0,1,917
M1-test,41,cross,bu-t0002,1,1,1.0,1,330,1,1.0,1,701,1,1.0,1,856
M1-test,42,cross,ait-t0001,1,0,0.0,0,90,0,0.0,0,354,1,1.0,1,725
M1-test,43,cross,ait-t0001,1,0,0.0,0,183,0,0.0,0,354,1,1.0,1,725
M1-test,44,cross,ait-t0001,1,1,1.0,1,200,1,1.0,1,473,1,1.0,1,656
M1-test,45,cross,ait-t0001,1,1,1.0,1,200,1,1.0,1,464,1,1.0,1,928
M1-test,46,cross,ait-t0001,1,0,0.0,0,183,0,0.0,0,354,1,1.0,1,673
M1-test,47,cross,ait-t0001,1,0,0.0,0,183,0,0.0,0,354,1,1.0,1,916
M1-test,48,cross,ait-t0001,1,0,0.0,0,183,0,0.0,0,354,0,0.0,0,575
M1-test,49,cross,ait-t0001,1,0,0.0,0,183,1,1.0,1,554,1,1.0,1,725
M1-test,50,cross,ait-t0001,1,1,1.0,1,200,1,1.0,1,473,1,1.0,1,725
M1-test,51,cross,ait-t0001,1,1,1.0,1,200,1,1.0,1,371,1,1.0,1,656
M1-test,52,cross,ait-t0001,1,0,0.0,0,183,1,1.0,1,464,1,1.0,1,656
M1-test,53,cross,ait-t0001,1,0,0.0,0,183,0,1.0,1,435,1,1.0,1,725
M1-test,54,cross,ait-t0001,1,0,0.0,0,183,0,0.0,0,354,0,0.0,0,811
M1-test,55,cross,ait-t0001,1,1,1.0,1,200,1,1.0,1,733,1,1.0,1,1165
M1-test,56,cross,ait-t0001,1,0,0.0,0,90,1,1.0,1,371,1,1.0,1,916
M1-test,57,cross,ait-t0001,1,1,1.0,1,200,1,1.0,1,733,1,1.0,1,1401
M1-test,58,cross,ait-t0001,1,0,0.0,0,338,1,1.0,1,709,1,1.0,1,1186
M1-test,59,cross,ait-t0001,1,0,1.0,1,171,1,1.0,1,486,1,1.0,1,963
M1-test,60,cross,ait-t0001,1,1,1.0,1,200,1,1.0,1,733,1,1.0,1,1144
M1-test,61,cross,ait-t0001,1,1,1.0,1,200,1,1.0,1,733,1,1.0,1,1165
M1-test,62,cross,ait-t0002,1,1,1.0,1,171,1,1.0,1,562,1,1.0,1,864
M1-test,63,cross,ait-t0002,1,1,1.0,1,171,1,1.0,1,733,1,1.0,1,1165
M1-test,64,cross,ait-t0002,1,1,1.0,1,171,1,1.0,1,733,1,1.0,1,789
M1-test,65,cross,ait-t0002,1,1,1.0,1,171,1,1.0,1,733,1,1.0,1,1173
M1-test,66,cross,ait-t0002,1,1,1.0,1,171,1,1.0,1,733,1,1.0,1,1165
M1-test,67,row,ait-t0001,4,1,1.0,1,200,1,1.0,1,709,1,1.0,1,1124
M1-test,68,row,ait-t0001,4,0,0.0,0,338,1,1.0,1,900,1,1.0,1,1161
M1-test,69,row,ait-t0001,4,0,0.0,0,338,1,1.0,1,900,1,1.0,1,1124
M1-test,70,row,ait-t0001,4,0,0.0,0,171,0,0.0,0,871,1,1.0,1,1401
M1-test,71,row,ait-t0002,4,0,0.0,0,3,1,1.0,1,536,1,1.0,1,919
M1-test,72,row,ait-t0002,4,0,0.0,0,3,1,1.0,1,536,1,1.0,1,789
M1-test,73,row,ait-t0002,4,0,0.0,0,3,1,1.0,1,536,1,1.0,1,1204
M1-test,74,row,ait-t0002,4,0,0.0,0,3,1,1.0,1,536,1,1.0,1,1204
M1-test,75,row,ait-t0002,4,0,0.0,0,3,0,0.0,0,565,1,1.0,1,1074
M1-test,76,cross,ait-t0003,1,1,0.0,0,81,1,0.0,0,354,1,0.0,0,483
M1-test,77,col,iis-t0001,6,1,0.16666666666666666,0,338,1,0.16666666666666666,0,1030,1,0.16666666666666666,0,1254
M1-test,78,col,iis-t0001,6,1,0.16666666666666666,0,338,1,0.16666666666666666,0,871,1,0.16666666666666666,0,1254
M1-test,79,cross,iis-t0001,1,1,1.0,1,338,1,1.0,1,900,1,1.0,1,1186
M1-test,80,cross,iis-t0001,1,1,0.0,0,338,1,0.0,0,815,1,0.0,0,1014
M1-test,81,cross,iis-t0001,1,1,0.0,0,338,1,0.0,0,871,1,0.0,0,1401
M1-test,82,cross,iis-t0001,1,1,1.0,1,338,1,1.0,1,832,1,1.0,1,932
M1-test,83,cross,iis-t0001,1,1,0.0,0,338,1,0.0,0,815,1,0.0,0,1101
M1-test,84,cross,iis-t0001,1,1,0.0,0,338,1,0.0,0,871,1,0.0,0,1245
M1-test,85,cross,iis-t0001,1,1,0.0,0,338,1,0.0,0,1030,1,0.0,0,1185
M1-test,86,cross,iis-t0001,1,1,0.0,0,338,1,0.0,0,871,1,0.0,0,1401
M1-test,87,cross,iis-t0001,1,1,0.0,0,338,1,0.0,0,756,1,0.0,0,853
M1-test,88,cross,iis-t0001,1,1,0.0,0,338,1,0.0,0,1030,1,0.0,0,1185
M2-test,1,row,bu-t0001,2,0,0.0,0,115,0,0.0,0,495,1,0.0,0,1130
M2-test,2,row,bu-t0001,2,0,0.0,0,10,0,0.0,0,372,1,0.0,0,829
M2-test,3,row,bu-t0001,2,0,0.0,0,44,0,0.0,0,704,1,0.0,0,1114
M2-test,4,row,bu-t0001,2,0,0.5,0,53,0,0.5,0,276,1,0.5,0,564
M2-test,5,cross,bu-t0001,1,0,1.0,1,56,0,1.0,1,119,0,1.0,1,204
M2-test,6,row,bu-t0001,2,0,0.0,0,179,0,0.0,0,541,1,0.0,0,829
M2-test,7,cross,bu-t0002,1,0,1.0,1,278,1,1.0,1,639,1,1.0,1,871
M2-test,8,row,bu-t0002,2,0,0.0,0,278,1,0.0,0,938,1,0.0,0,1106
M2-test,9,col,bu-t0001,12,0,0.0,0,115,1,0.0,0,572,1,0.08333333333333333,0,1176
M2-test,10,col,bu-t0001,12,0,0.0,0,115,1,0.0,0,572,1,0.08333333333333333,0,1176
M2-test,11,col,bu-t0001,12,0,0.0,0,179,0,0.16666666666666666,0,541,1,0.25,0,829
M2-test,12,col,bu-t0001,12,0,0.0,0,179,0,0.16666666666666666,0,541,1,0.25,0,829
M2-test,13,col,bu-t0001,12,0,0.0,0,115,1,0.3333333333333333,0,572,1,0.6666666666666666,0,872
M2-test,14,col,bu-t0001,12,0,0.0,0,179,1,0.3333333333333333,0,572,1,0.6666666666666666,0,872
M2-test,15,col,bu-t0001,12,0,0.0,0,179,1,0.3333333333333333,0,572,1,0.6666666666666666,0,872
M2-test,16,col,bu-t0001,12,0,0.0,0,115,0,0.0,0,347,1,0.4166666666666667,0,757
M2-test,17,col,bu-t0001,12,0,0.0,0,179,0,0.16666666666666666,0,347,0,0.16666666666666666,0,413
M2-test,18,col,bu-t0002,12,1,0.08333333333333333,0,247,1,0.08333333333333333,0,938,1,0.08333333333333333,0,1106
M2-test,19,col,bu-t0002,12,1,0.08333333333333333,0,247,1,0.08333333333333333,0,938,1,0.08333333333333333,0,1148
M2-test,20,col,bu-t0002,12,0,0.3333333333333333,0,278,1,0.6666666666666666,0,635,1,0.6666666666666666,0,1101
M2-test,21,col,bu-t0002,12,1,0.16666666666666666,0,247,1,0.25,0,639,1,0.25,0,802
M2-test,22,cross,bu-t0001,1,0,0.0,0,115,0,0.0,0,541,1,0.0,0,829
M2-test,23,cross,bu-t0001,1,0,0.0,0,247,0,0.0,0,470,1,0.0,0,863
M2-test,24,cross,bu-t0001,1,0,0.0,0,115,0,0.0,0,651,1,0.0,0,1130
M2-test,25,cross,bu-t0001,1,0,0.0,0,44,0,1.0,1,344,1,1.0,1,754
M2-test,26,cross,bu-t0001,1,0,0.0,0,115,0,0.0,0,541,1,0.0,0,829
M2-test,27,cross,bu-t0001,1,0,0.0,0,179,0,0.0,0,541,1,0.0,0,1020
M2-test,28,cross,bu-t0001,1,0,0.0,0,44,1,0.0,0,454,1,0.0,0,757
M2-test,29,cross,bu-t0001,1,0,0.0,0,115,1,0.0,0,572,1,0.0,0,863
M2-test,30,cross,bu-t0001,1,0,0.0,0,179,0,0.0,0,541,1,0.0,0,1176
M2-test,31,cross,bu-t0001,1,0,0.0,0,10,0,0.0,0,70,1,1.0,1,595
M2-test,32,cross,bu-t0001,1,0,0.0,0,115,0,0.0,0,651,1,0.0,0,1176
M2-test,33,cross,bu-t0002,1,1,0.0,0,247,1,0.0,0,640,1,0.0,0,807
M2-test,34,cross,bu-t0002,1,1,0.0,0,247,1,0.0,0,938,1,0.0,0,1139
M2-test,35,cross,bu-t0002,1,1,0.0,0,247,1,0.0,0,708,1,0.0,0,1478
M2-test,36,cross,bu-t0002,1,0,0.0,0,278,1,0.0,0,938,1,0.0,0,1106
M2-test,37,cross,bu-t0002,1,1,0.0,0,247,1,0.0,0,639,1,0.0,0,1105
M2-test,38,multi_cross,bu-t0002,2,0,0.0,0,10,0,0.0,0,178,0,0.0,0,413
M2-test,39,cross,bu-t0002,1,1,0.0,0,247,1,0.0,0,578,1,0.0,0,807
M2-test,40,cross,bu-t0002,1,1,0.0,0,247,1,0.0,0,938,1,0.0,0,1105
M2-test,41,cross,bu-t0002,1,0,0.0,0,278,1,0.0,0,938,1,0.0,0,1106
M2-test,42,cross,ait-t0001,1,1,0.0,0,357,1,0.0,0,648,1,0.0,0,880
M2-test,43,cross,ait-t0001,1,1,1.0,1,357,1,1.0,1,741,1,1.0,1,880
M2-test,44,cross,ait-t0001,1,1,1.0,1,357,1,1.0,1,648,1,1.0,1,1244
M2-test,45,cross,ait-t0001,1,1,1.0,1,357,1,1.0,1,741,1,1.0,1,1013
M2-test,46,cross,ait-t0001,1,1,1.0,1,357,1,1.0,1,741,1,1.0,1,947
M2-test,47,cross,ait-t0001,1,1,1.0,1,357,1,1.0,1,741,1,1.0,1,988
M2-test,48,cross,ait-t0001,1,1,1.0,1,357,1,1.0,1,741,1,1.0,1,880
M2-test,49,cross,ait-t0001,1,1,1.0,1,357,1,1.0,1,741,1,1.0,1,991
M2-test,50,cross,ait-t0001,1,1,1.0,1,357,1,1.0,1,741,1,1.0,1,988
M2-test,51,cross,ait-t0001,1,1,1.0,1,357,1,1.0,1,648,1,1.0,1,988
M2-test,52,cross,ait-t0001,1,1,1.0,1,357,1,1.0,1,741,1,1.0,1,988
M2-test,53,cross,ait-t0001,1,1,1.0,1,357,1,1.0,1,741,1,1.0,1,947
M2-test,54,cross,ait-t0001,1,1,1.0,1,357,1,1.0,1,741,1,1.0,1,988
M2-test,55,cross,ait-t0001,1,0,0.0,0,115,1,1.0,1,651,1,1.0,1,1130
M2-test,56,cross,ait-t0001,1,1,1.0,1,357,1,1.0,1,648,1,1.0,1,946
M2-test,57,cross,ait-t0001,1,0,0.0,0,115,0,0.0,0,495,1,1.0,1,1130
M2-test,58,cross,ait-t0001,1,0,0.0,0,115,1,1.0,1,673,1,1.0,1,1265
M2-test,59,cross,ait-t0001,1,0,0.0,0,201,1,1.0,1,673,1,1.0,1,1009
M2-test,60,cross,ait-t0001,1,0,0.0,0,115,0,0.0,0,495,1,1.0,1,1130
M2-test,61,cross,ait-t0001,1,1,1.0,1,357,1,1.0,1,673,1,1.0,1,1130
M2-test,62,cross,ait-t0002,1,1,0.0,0,201,1,0.0,0,726,1,0.0,0,1192
M2-test,63,cross,ait-t0002,1,0,0.0,0,115,0,0.0,0,651,1,0.0,0,1130
M2-test,64,cross,ait-t0002,1,1,0.0,0,201,1,0.0,0,673,1,0.0,0,973
M2-test,65,cross,ait-t0002,1,1,0.0,0,201,1,0.0,0,673,1,0.0,0,945
M2-test,66,cross,ait-t0002,1,0,0.0,0,115,1,0.0,0,495,1,0.0,0,1130
M2-test,67,row,ait-t0001,4,0,0.0,0,115,0,0.0,0,495,1,1.0,1,1130
M2-test,68,row,ait-t0001,4,0,0.0,0,201,0,0.0,0,495,1,1.0,1,1099
M2-test,69,row,ait-t0001,4,0,0.0,0,201,0,0.0,0,495,1,1.0,1,1099
M2-test,70,row,ait-t0001,4,0,0.0,0,115,0,0.0,0,495,0,0.0,0,1186
M2-test,71,row,ait-t0002,4,0,0.0,0,3,1,0.0,0,319,1,0.0,0,745
M2-test,72,row,ait-t0002,4,0,0.0,0,3,0,0.0,0,297,1,0.0,0,776
M2-test,73,row,ait-t0002,4,0,0.0,0,3,1,0.0,0,319,1,0.0,0,844
M2-test,74,row,ait-t0002,4,0,0.0,0,3,0,0.0,0,297,1,0.0,0,745
M2-test,75,row,ait-t0002,4,0,0.0,0,3,1,0.0,0,319,1,0.0,0,923
M2-test,76,cross,ait-t0003,1,1,0.0,0,157,1,0.0,0,715,1,0.0,0,988
M2-test,77,col,iis-t0001,6,1,0.0,0,413,1,0.0,0,938,1,0.0,0,1232
M2-test,78,col,iis-t0001,6,1,0.0,0,413,1,0.0,0,938,1,0.0,0,1232
M2-test,79,cross,iis-t0001,1,1,0.0,0,413,1,0.0,0,1017,1,0.0,0,1333
M2-test,80,cross,iis-t0001,1,1,0.0,0,413,1,0.0,0,938,1,0.0,0,1232
M2-test,81,cross,iis-t0001,1,1,0.0,0,413,1,0.0,0,938,1,0.0,0,1410
M2-test,82,cross,iis-t0001,1,0,0.0,0,132,0,0.0,0,232,1,0.0,0,892
M2-test,83,cross,iis-t0001,1,1,0.0,0,413,1,0.0,0,885,1,0.0,0,1333
M2-test,84,cross,iis-t0001,1,0,0.0,0,247,1,0.0,0,938,1,0.0,0,1232
M2-test,85,cross,iis-t0001,1,1,0.0,0,413,1,0.0,0,938,1,0.0,0,1192
M2-test,86,cross,iis-t0001,1,1,0.0,0,413,1,0.0,0,938,1,0.0,0,1410
M2-test,87,cross,iis-t0001,1,1,0.0,0,413,1,0.0,0,716,1,0.0,0,813
M2-test,88,cross,iis-t0001,1,1,0.0,0,413,1,0.0,0,938,1,0.0,0,1084
M3-test,1,row,bu-t0001,2,0,0.0,0,72,0,0.0,0,201,0,0.0,0,439
M3-test,2,row,bu-t0001,2,1,0.5,0,166,1,0.5,0,288,1,1.0,1,634
M3-test,3,row,bu-t0001,2,0,0.0,0,145,1,0.5,0,488,1,1.0,1,718
M3-test,4,row,bu-t0001,2,0,0.0,0,145,1,1.0,1,512,1,1.0,1,882
M3-test,5,cross,bu-t0001,1,0,0.0,0,177,1,1.0,1,571,1,1.0,1,882
M3-test,6,row,bu-t0001,2,1,0.5,0,166,1,1.0,1,512,1,1.0,1,714
M3-test,7,cross,bu-t0002,1,0,0.0,0,72,1,0.0,0,285,1,0.0,0,514
M3-test,8,row,bu-t0002,2,0,0.0,0,72,0,0.0,0,201,0,0.0,0,336
M3-test,9,col,bu-t0001,12,0,0.0,0,177,1,0.9166666666666666,0,450,1,1.0,1,761
M3-test,10,col,bu-t0001,12,0,0.0,0,177,1,0.9166666666666666,0,450,1,1.0,1,761
M3-test,11,col,bu-t0001,12,0,0.0,0,145,1,1.0,1,488,1,1.0,1,761
M3-test,12,col,bu-t0001,12,0,0.0,0,145,1,1.0,1,488,1,1.0,1,761
M3-test,13,col,bu-t0001,12,1,0.9166666666666666,0,193,1,0.9166666666666666,0,426,1,1.0,1,804
M3-test,14,col,bu-t0001,12,1,0.9166666666666666,0,193,1,0.9166666666666666,0,426,1,1.0,1,695
M3-test,15,col,bu-t0001,12,1,0.9166666666666666,0,193,1,0.9166666666666666,0,426,1,1.0,1,804
M3-test,16,col,bu-t0001,12,1,0.9166666666666666,0,193,1,0.9166666666666666,0,426,1,1.0,1,804
M3-test,17,col,bu-t0001,12,0,0.0,0,145,1,1.0,1,488,1,1.0,1,761
M3-test,18,col,bu-t0002,12,0,0.0,0,63,0,0.0,0,203,0,0.0,0,347
M3-test,19,col,bu-t0002,12,0,0.0,0,63,0,0.0,0,203,0,0.0,0,347
M3-test,20,col,bu-t0002,12,0,0.0,0,72,0,0.0,0,210,0,0.0,0,302
M3-test,21,col,bu-t0002,12,0,0.0,0,72,0,0.0,0,205,0,0.0,0,347
M3-test,22,cross,bu-t0001,1,1,1.0,1,201,1,1.0,1,544,1,1.0,1,761
M3-test,23,cross,bu-t0001,1,0,0.0,0,145,1,1.0,1,488,1,1.0,1,718
M3-test,24,cross,bu-t0001,1,0,0.0,0,177,1,1.0,1,450,1,1.0,1,579
M3-test,25,cross,bu-t0001,1,0,1.0,1,177,1,1.0,1,523,1,1.0,1,850
M3-test,26,cross,bu-t0001,1,0,0.0,0,177,1,1.0,1,544,1,1.0,1,761
M3-test,27,cross,bu-t0001,1,0,0.0,0,145,1,1.0,1,383,1,1.0,1,628
M3-test,28,cross,bu-t0001,1,0,0.0,0,29,0,0.0,0,87,0,0.0,0,293
M3-test,29,cross,bu-t0001,1,0,0.0,0,177,1,1.0,1,523,1,1.0,1,761
M3-test,30,cross,bu-t0001,1,0,0.0,0,145,1,1.0,1,488,1,1.0,1,750
M3-test,31,cross,bu-t0001,1,1,1.0,1,193,1,1.0,1,560,1,1.0,1,882
M3-test,32,cross,bu-t0001,1,1,1.0,1,201,1,1.0,1,450,1,1.0,1,684
M3-test,33,cross,bu-t0002,1,0,0.0,0,72,0,0.0,0,201,0,0.0,0,325
M3-test,34,cross,bu-t0002,1,1,1.0,1,145,1,1.0,1,340,1,1.0,1,398
M3-test,35,cross,bu-t0002,1,0,0.0,0,72,0,0.0,0,203,0,0.0,0,338
M3-test,36,cross,bu-t0002,1,0,0.0,0,72,1,1.0,1,312,1,1.0,1,581
M3-test,37,cross,bu-t0002,1,0,0.0,0,68,0,0.0,0,201,1,1.0,1,512
M3-test,38,multi_cross,bu-t0002,2,0,0.0,0,201,1,1.0,1,544,1,1.0,1,882
M3-test,39,cross,bu-t0002,1,0,0.0,0,72,0,0.0,0,203,0,0.0,0,325
M3-test,40,cross,bu-t0002,1,0,0.0,0,72,0,0.0,0,210,0,0.0,0,313
M3-test,41,cross,bu-t0002,1,0,0.0,0,72,0,0.0,0,203,0,0.0,0,334
M3-test,42,cross,ait-t0001,1,1,1.0,1,70,1,1.0,1,205,1,1.0,1,237
M3-test,43,cross,ait-t0001,1,0,0.0,0,63,1,1.0,1,153,1,1.0,1,193
M3-test,44,cross,ait-t0001,1,1,1.0,1,72,1,1.0,1,341,1,1.0,1,579
M3-test,45,cross,ait-t0001,1,1,1.0,1,68,1,1.0,1,201,1,1.0,1,336
M3-test,46,cross,ait-t0001,1,1,1.0,1,74,1,1.0,1,114,1,1.0,1,202
M3-test,47,cross,ait-t0001,1,1,1.0,1,68,1,1.0,1,149,1,1.0,1,189
M3-test,48,cross,ait-t0001,1,0,0.0,0,20,0,0.0,0,60,1,1.0,1,197
M3-test,49,cross,ait-t0001,1,0,1.0,1,63,1,1.0,1,153,1,1.0,1,193
M3-test,50,cross,ait-t0001,1,1,1.0,1,70,1,1.0,1,205,1,1.0,1,245
M3-test,51,cross,ait-t0001,1,1,1.0,1,72,1,1.0,1,201,1,1.0,1,325
M3-test,52,cross,ait-t0001,1,1,1.0,1,68,1,1.0,1,190,1,1.0,1,287
M3-test,53,cross,ait-t0001,1,0,1.0,1,63,1,1.0,1,205,1,1.0,1,245
M3-test,54,cross,ait-t0001,1,0,0.0,0,20,0,0.0,0,60,1,1.0,1,159
M3-test,55,cross,ait-t0001,1,1,1.0,1,68,1,1.0,1,201,1,1.0,1,336
M3-test,56,cross,ait-t0001,1,1,1.0,1,72,1,1.0,1,341,1,1.0,1,581
M3-test,57,cross,ait-t0001,1,1,1.0,1,68,1,1.0,1,201,1,1.0,1,463
M3-test,58,cross,ait-t0001,1,1,1.0,1,74,1,1.0,1,207,1,1.0,1,334
M3-test,59,cross,ait-t0001,1,1,1.0,1,70,1,1.0,1,191,1,1.0,1,322
M3-test,60,cross,ait-t0001,1,1,1.0,1,72,1,1.0,1,450,1,1.0,1,761
M3-test,61,cross,ait-t0001,1,1,1.0,1,72,1,1.0,1,317,1,1.0,1,581
M3-test,62,cross,ait-t0002,1,1,1.0,1,59,1,1.0,1,183,1,1.0,1,314
M3-test,63,cross,ait-t0002,1,1,1.0,1,61,1,1.0,1,190,1,1.0,1,321
M3-test,64,cross,ait-t0002,1,1,1.0,1,63,1,1.0,1,205,1,1.0,1,583
M3-test,65,cross,ait-t0002,1,1,1.0,1,61,1,1.0,1,190,1,1.0,1,428
M3-test,66,cross,ait-t0002,1,1,1.0,1,61,1,1.0,1,190,1,1.0,1,428
M3-test,67,row,ait-t0001,4,1,0.5,0,72,1,0.75,0,203,1,0.75,0,323
M3-test,68,row,ait-t0001,4,0,0.0,0,63,1,0.25,0,164,1,0.25,0,222
M3-test,69,row,ait-t0001,4,0,0.0,0,63,1,0.25,0,164,1,0.25,0,222
M3-test,70,row,ait-t0001,4,0,0.0,0,61,1,0.25,0,188,1,0.25,0,312
M3-test,71,row,ait-t0002,4,0,0.0,0,201,0,0.0,0,544,1,0.25,0,750
M3-test,72,row,ait-t0002,4,0,0.0,0,166,1,0.25,0,372,1,0.25,0,750
M3-test,73,row,ait-t0002,4,0,0.0,0,201,0,0.0,0,544,1,0.25,0,750
M3-test,74,row,ait-t0002,4,0,0.0,0,166,0,0.0,0,512,1,0.25,0,750
M3-test,75,row,ait-t0002,4,1,0.5,0,61,1,0.5,0,194,1,0.5,0,505
M3-test,76,cross,ait-t0003,1,1,0.0,0,58,1,0.0,0,193,1,0.0,0,281
M3-test,77,col,iis-t0001,6,1,0.16666666666666666,0,29,1,0.3333333333333333,0,85,1,0.6666666666666666,0,143
M3-test,78,col,iis-t0001,6,1,0.16666666666666666,0,29,1,0.5,0,87,1,0.6666666666666666,0,143
M3-test,79,cross,iis-t0001,1,1,1.0,1,25,1,1.0,1,75,1,1.0,1,123
M3-test,80,cross,iis-t0001,1,1,1.0,1,25,1,1.0,1,75,1,1.0,1,125
M3-test,81,cross,iis-t0001,1,1,1.0,1,29,1,1.0,1,87,1,1.0,1,145
M3-test,82,cross,iis-t0001,1,1,1.0,1,28,1,1.0,1,84,1,1.0,1,138
M3-test,83,cross,iis-t0001,1,1,1.0,1,23,1,1.0,1,73,1,1.0,1,123
M3-test,84,cross,iis-t0001,1,1,1.0,1,27,1,1.0,1,85,1,1.0,1,143
M3-test,85,cross,iis-t0001,1,1,1.0,1,26,1,1.0,1,82,1,1.0,1,138
M3-test,86,cross,iis-t0001,1,1,1.0,1,29,1,1.0,1,87,1,1.0,1,145
M3-test,87,cross,iis-t0001,1,1,1.0,1,25,1,1.0,1,75,1,1.0,1,123
M3-test,88,cross,iis-t0001,1,1,1.0,1,28,1,1.0,1,84,1,1.0,1,140
