No,Link,Category,Sub-Pages,
1,https://www.ait.ac.th/about/,Category A: Institutional Overview,,done
2,https://ait.ac.th/about/rankings/,Category A: Institutional Overview,,done
3,https://ait.ac.th/about/leadership/,Category A: Institutional Overview,,
4,https://ait.ac.th/about/meet-our-faculty/,Category A: Institutional Overview,,
5,https://ait.ac.th/academics/programs/ ,Category B: Academic Programs,24- pages for each program,
6,https://ait.ac.th/academics/programs/?_paged=2 ,Category B: Academic Programs,24- pages for each program,
7,https://ait.ac.th/academics/programs/?_paged=3,Category B: Academic Programs,23- pages for each program,
8,https://ait.ac.th/academics/study-options/,Category B: Academic Programs,,
9,https://ait.ac.th/academics/student-opportunities/,Category B: Academic Programs,,
10,https://ait.ac.th/admissions/,Category C: Admissions & Applications,,
11,https://ait.ac.th/eligibility/,Category C: Admissions & Applications,,
12,https://ait.ac.th/eligibility/masters-degree-program/,Category C: Admissions & Applications,,
13,https://ait.ac.th/eligibility/doctoral-degree-program/,Category C: Admissions & Applications,,
14,https://ait.ac.th/eligibility/certificate-and-special-program/,Category C: Admissions & Applications,,
15,https://ait.ac.th/eligibility/fellows-of-ait/,Category C: Admissions & Applications,,
16,https://ait.ac.th/eligibility/english-proficiency-requirement-for-admission/,Category C: Admissions & Applications,,
17,https://ait.ac.th/special-students-exchange-and-visiting-students/,Category C: Admissions & Applications,,
18,https://admission.ait.ac.th/aoas/Applicant/FirstPage.aspx,Category C: Admissions & Applications,,
19,https://ait.ac.th/tuition-and-fees/,Category C: Admissions & Applications,,
20,https://ait.ac.th/apply-online/,Category C: Admissions & Applications,,
21,https://ait.ac.th/financial-aid/,Category D: Scholarships & Financial Support,12- pages  for detail of each,
22,https://ait.ac.th/financial-aid/?_paged=2,Category D: Scholarships & Financial Support,6 pages for detail of each,
23,https://ait.ac.th/student-housing/,Category E: Campus Life & Student Services,10 pages for each accommodation options,
24,https://ait.ac.th/housing/ ,Category E: Campus Life & Student Services,,
25,https://ait.ac.th/dining/,Category E: Campus Life & Student Services,,
26,https://ait.ac.th/health-wellness/,Category E: Campus Life & Student Services,,
27,https://ofam.ait.ac.th/asset-management/accommodation-office/,Category E: Campus Life & Student Services,,
28,https://ofam.ait.ac.th/ait-sport-facilities/,Category E: Campus Life & Student Services,,
29,https://ofam.ait.ac.th/campus-maintenance/security/,Category F: Contact Information,,
30,https://ofam.ait.ac.th/campus-services/call-center/,Category F: Contact Information,,
31,http://aitcc.ait.ac.th/standard-rates/,Category G: AIT conference center,,
32,http://aitcc.ait.ac.th/contact-us/,Category G: AIT conference center,,
33,http://aitcc.ait.ac.th/facilities/,Category G: AIT conference center,,
34,http://aitcc.ait.ac.th/home/,Category G: AIT conference center,,
35,http://aitcc.ait.ac.th/accommodation/,Category G: AIT conference center,,
