Method,Type,N,GoldCells,Hit@1,Hit@3,Hit@5,Cov@1,Cov@3,Cov@5,Suff@1,Suff@3,Suff@5,Tok@5
B-test,row,15,3.2,0.267,0.333,0.333,0.267,0.333,0.333,0.267,0.333,0.333,561.0
B-test,col,15,11.2,0.333,0.867,0.933,0.356,0.639,0.772,0.0,0.0,0.2,585.0
B-test,cross,57,1.0,0.456,0.86,0.93,0.386,0.719,0.789,0.386,0.719,0.789,614.0
B-test,multi_cross,1,2.0,0.0,0.0,1.0,0.0,0.0,0.5,0.0,0.0,0.0,575.0
B-test,ALL,88,3.12,0.398,0.761,0.83,0.356,0.632,0.705,0.295,0.523,0.602,599.0
M1-test,row,15,3.2,0.2,0.8,1.0,0.233,0.8,1.0,0.2,0.8,1.0,1006.0
M1-test,col,15,11.2,0.733,0.867,0.867,0.622,0.767,0.767,0.6,0.733,0.733,913.0
M1-test,cross,57,1.0,0.719,0.86,0.965,0.596,0.719,0.807,0.596,0.719,0.807,982.0
M1-test,multi_cross,1,2.0,0.0,0.0,1.0,0.0,0.0,1.0,0.0,0.0,1.0,811.0
M1-test,ALL,88,3.12,0.625,0.841,0.955,0.532,0.733,0.835,0.523,0.727,0.83,972.0
M2-test,row,15,3.2,0.0,0.267,0.933,0.033,0.033,0.233,0.0,0.0,0.2,941.0
M2-test,col,15,11.2,0.333,0.733,0.933,0.044,0.172,0.289,0.0,0.0,0.0,961.0
M2-test,cross,57,1.0,0.579,0.754,0.982,0.281,0.351,0.404,0.281,0.351,0.404,1026.0
M2-test,multi_cross,1,2.0,0.0,0.0,0.0,0.0,0.0,0.0,0.0,0.0,0.0,413.0
M2-test,ALL,88,3.12,0.432,0.659,0.955,0.195,0.262,0.35,0.182,0.227,0.295,993.0
M3-test,row,15,3.2,0.267,0.667,0.867,0.133,0.35,0.467,0.0,0.133,0.267,554.0
M3-test,col,15,11.2,0.4,0.733,0.733,0.267,0.622,0.689,0.0,0.2,0.6,569.0
M3-test,cross,57,1.0,0.614,0.842,0.895,0.649,0.807,0.86,0.649,0.807,0.86,397.0
M3-test,multi_cross,1,2.0,0.0,1.0,1.0,0.0,1.0,1.0,0.0,1.0,1.0,882.0
M3-test,ALL,88,3.12,0.511,0.795,0.864,0.489,0.7,0.765,0.42,0.591,0.716,459.0
