method,q_uid,q_type,question,gold_answer,gold_table_id,gold_cells,Hit@1,Cov@1,Suff@1,Tok@1,Hit@3,Cov@3,Suff@3,Tok@3,Hit@5,Cov@5,Suff@5,Tok@5,generated_answer,EM
B-test,1,row,"For foreign students, what fee options does the Master of Laws offer?","Plan A Thesis: 226,880,  Plan B Non-Thesis: 224,080",bu-t0001,2,1,0.0,0,120,1,1.0,1,333,1,1.0,1,536,"226,880 (Saturday) 224,080 (Saturday)",0
B-test,2,row,"For foreign students, what fee options does the Master of Business Administration offer?","Plan A Thesis: 231,030,Plan B Non-Thesis: 230,030",bu-t0001,2,1,1.0,1,120,1,1.0,1,335,1,1.0,1,540,"231,030 (Saturday), 230,030 (Saturday)",0
B-test,3,row,"For foreign students, which tuition fee plan has the lower cost for the Master of Communication Arts in Strategic Brand and Communication Management?",Plan B Non-Thesis,bu-t0001,2,1,1.0,1,120,1,1.0,1,327,1,1.0,1,583,"227,230 (Saturday)",0
B-test,4,row,"For foreign students, does the Master of Architecture offer both Plan A and Plan B options?",No,bu-t0001,2,0,1.0,1,103,1,1.0,1,352,1,1.0,1,563,Yes,0
B-test,5,cross,"For foreign students, does the Master of Management Program in Entrepreneurship offer a Plan A Thesis option?",No,bu-t0001,1,0,0.0,0,110,1,1.0,1,333,1,1.0,1,575,Yes,0
B-test,6,row,"For foreign students, how much difference  fees in  Master of business Administration (English Program) between Plan A Thesis and Plan B Non-Thesis?",1000,bu-t0001,2,0,1.0,1,102,0,1.0,1,315,0,1.0,1,571,"231,030 (Saturday) - 230,030 (Saturday) = 1,000 (Saturday)",1
B-test,7,cross,"For Thai students, does the Master of Science Program in Information Technology and Data Science offer a Plan B Non-Thesis option?",No,bu-t0002,1,0,1.0,1,133,1,1.0,1,356,1,1.0,1,614,Yes,0
B-test,8,row,"For Thai students, what fee options does the Master of Laws offer?","Plan A Thesis: 213,380 , Plan B Non-Thesis: 212,380",bu-t0002,2,1,0.0,0,113,1,0.0,0,391,1,0.0,0,632,Not applicable,0
B-test,9,col,"For foreign students, which master's program has the highest Plan A Thesis tuition fee?","Master of Engineering in Electrical & Computer Engineering (International Program), at 370,980 (Research Based)",bu-t0001,12,0,0.25,0,110,1,0.8333,0,333,1,0.8333,0,563,"374,530 (Saturday)",0
B-test,10,col,"For foreign students, which master's program has the lowest Plan A Thesis tuition fee?","Master of Communication Arts Program in Global Communication (International Program), at 200,630",bu-t0001,12,0,0.25,0,110,1,0.8333,0,333,1,0.8333,0,563,"206,430",0
B-test,11,col,"For foreign students, which master's program has the highest Plan B Non-Thesis tuition fee?","Master of Management Program in Entrepreneurship and Emerging Enterprises, at 374,530",bu-t0001,12,0,0.25,0,110,0,0.75,0,315,1,1.0,1,564,"374,530 (Saturday)",0
B-test,12,col,"For foreign students, which master's program has the lowest Plan B Non-Thesis tuition fee?","Master of Communication Arts Program in Global Communication (International Program), at 199,630",bu-t0001,12,0,0.25,0,110,1,0.8333,0,333,1,1.0,1,564,"200,630 (Saturday)",0
B-test,13,col,How many master's programs require 42 credits?,"4 (Master of Business Administration, Master of Management Program in Entrepreneurship and Emerging Enterprises, Master of Business Administration (English Program), and Master of Business Administration in Innovation Management (International Program))",bu-t0001,12,0,0.5833,0,113,1,0.75,0,325,1,0.75,0,549,42,0
B-test,14,col,How many master's programs require 36 credits?,"5 (Master of Communication Arts (Strategic Brand and Communication Management), Master of Arts Program in Tourism and Hospitality Management Innovation, Master of Architecture, Master of Engineering in Electrical & Computer Engineering, and Master of Science Program in Information Technology and Data Science)",bu-t0001,12,0,0.5833,0,113,1,0.5833,0,337,1,0.8333,0,547,36,0
B-test,15,col,How many master's programs require 39 credits?,2,bu-t0001,12,0,0.5833,0,113,1,0.75,0,315,1,0.75,0,544,39,0
B-test,16,col,Which master's programs require 39 credits?,Master of Communication Arts Program in Global Communication (International Program) and Master of Laws,bu-t0001,12,0,0.5833,0,113,1,0.5833,0,337,1,1.0,1,538,Master of Laws,0
B-test,17,col,"For foreign students, which master's programs do not offer a Plan B Non-Thesis option?","Master of Architecture, Master of Engineering in Electrical & Computer Engineering (International Program), and Master of Science Program in Information Technology and Data Science",bu-t0001,12,0,0.25,0,103,0,0.5,0,342,0,0.75,0,571,Master of Business Administration (English Program),0
B-test,18,col,"For Thai students, which program has the highest Plan A Thesis fee?","Master of Engineering in Electrical & Computer Engineering at 360,180",bu-t0002,12,1,0.4167,0,113,1,0.5,0,355,1,0.8333,0,612,"302,530",0
B-test,19,col,"For Thai students, which program has the lowest Plan A Thesis fee?","Master of Communication Arts Program in Global Communication at 188,930",bu-t0002,12,1,0.4167,0,113,1,0.5,0,355,1,0.8333,0,612,Master of Communication Arts Program in Global Communication (International Program),0
B-test,20,col,"For Thai students, which programs require 39 credits?","Master of Communication Arts Program in Global Communication, Master of Laws",bu-t0002,12,1,0.5,0,113,1,0.9167,0,377,1,0.9167,0,612,Master of Laws,0
B-test,21,col,"For Thai students, which programs do not offer a Plan B Non-Thesis option?","Master of Architecture, Master of Engineering in Electrical & Computer Engineering, Master of Science in IT and Data Sciences",bu-t0002,12,0,0.0833,0,133,1,0.9167,0,377,1,0.9167,0,614,Master of Architecture,0
B-test,22,cross,"For foreign students, what is the Plan A Thesis fee for the Master of Business Administration?",231030,bu-t0001,1,0,0.0,0,110,1,1.0,1,332,1,1.0,1,540,"231,030 (Saturday)",1
B-test,23,cross,"For foreign students, what is the Plan B Non-Thesis fee for the Master of Communication Arts (Strategic Brand and Communication Management)?",227230,bu-t0001,1,0,0.0,0,102,1,1.0,1,349,1,1.0,1,583,"227,230 (Saturday)",1
B-test,24,cross,"For foreign students, what is the Plan A Thesis fee for the Master of Engineering in Electrical & Computer Engineering?",370980,bu-t0001,1,0,1.0,1,103,0,1.0,1,342,1,1.0,1,564,"370,980",1
B-test,25,cross,"For foreign students, how many credit for Master of Arts Program in Tourism and Hospitality Management Innovation (International Program)?",36,bu-t0001,1,1,1.0,1,120,1,1.0,1,348,1,1.0,1,590,36,1
B-test,26,cross,"For foreign students, what is the Plan A Thesis fee for the Master of Business Administration in Innovation Management?",355030,bu-t0001,1,0,1.0,1,110,1,1.0,1,332,1,1.0,1,564,"355,030 (Saturday)",1
B-test,27,cross,"For foreign students, what is fees the Plan B Non-Thesis fee for the Master of Laws? ",224080,bu-t0001,1,0,1.0,1,110,0,1.0,1,315,0,1.0,1,571,"224,080 (Saturday)",1
B-test,28,cross,"For foreign students, how many credits does the Master of Communication Arts Program in Global Communication require?",39,bu-t0001,1,0,0.0,0,161,1,1.0,1,383,1,1.0,1,615,36,0
B-test,29,cross,"For foreign students, what is the Plan A Thesis fee for the Master of Arts Program in Data-Driven Marketing and Communications?",313330,bu-t0001,1,1,1.0,1,120,1,1.0,1,348,1,1.0,1,560,"313,330",1
B-test,30,cross,"For foreign students, what is the Plan B Non-Thesis fee for the Master of Management Program in Entrepreneurship and Emerging Enterprises?",374530,bu-t0001,1,0,0.0,0,110,0,1.0,1,315,0,1.0,1,571,"361,930 (Saturday)",0
B-test,31,cross,"For foreign students, how many credits does the Master of Business Administration require?",42,bu-t0001,1,1,1.0,1,120,1,1.0,1,311,1,1.0,1,519,42,1
B-test,32,cross,"For foreign students, what is the Plan A Thesis fee for the Master of Architecture?",217230,bu-t0001,1,0,1.0,1,103,1,1.0,1,324,1,1.0,1,563,"217,230 (Saturday)",1
B-test,33,cross,"For Thai students, what is the Plan A Thesis fee for the Master of Business Administration?",218430,bu-t0002,1,1,1.0,1,113,1,1.0,1,355,1,1.0,1,612,"218,430",1
B-test,34,cross,"For Thai students, what is the Plan B Non-Thesis fee for the Master of Communication Arts (Strategic Brand and Communication Management)?",216430,bu-t0002,1,1,1.0,1,113,1,1.0,1,342,1,1.0,1,606,"216,430",1
B-test,35,cross,"For Thai students, what is the Plan A Thesis fee for the Master of Engineering in Electrical & Computer Engineering?",360180,bu-t0002,1,1,0.0,0,113,1,0.0,0,372,1,0.0,0,633,"213,380",0
B-test,36,cross,"For Thai students, what is the Plan A Thesis fee for the Master of Arts Program in Data-Driven Marketing and Communications?",302530,bu-t0002,1,1,1.0,1,113,1,1.0,1,366,1,1.0,1,624,"302,530",1
B-test,37,cross,"For Thai students, what is the Plan B Non-Thesis fee for the Master of Management Program in Entrepreneurship and Emerging Enterprises?",361930,bu-t0002,1,1,0.0,0,113,1,0.0,0,356,1,1.0,1,612,"361,930",1
B-test,38,multi_cross,"For foreign students under Plan A Thesis, which is more expensive, the Master of Business Administration in Innovation Management or the Master of Engineering in Electrical & Computer Engineering?",360180,bu-t0002,2,0,0.0,0,110,0,0.0,0,333,1,0.5,0,575,"370,980",0
B-test,39,cross,"For Thai students, what is the Plan A Thesis fee for the Master of Business Administration in Innovation Management?",342430,bu-t0002,1,1,0.0,0,113,1,0.0,0,356,1,0.0,0,591,"231,630",0
B-test,40,cross,"For Thai students, how many credits does the Master of Laws require?",39,bu-t0002,1,0,0.0,0,126,1,0.0,0,372,1,1.0,1,612,39,1
B-test,41,cross,"For Thai students, what is the Plan A Thesis fee for the Master of Science Program in Information Technology and Data Science?",209880,bu-t0002,1,0,1.0,1,133,1,1.0,1,372,1,1.0,1,612,"209,880 (Saturday)",1
B-test,42,cross,How many semesters and credits does the AIT Doctorate program require?,7 Semesters (84 credits) 42 Months,ait-t0001,1,1,1.0,1,126,1,1.0,1,423,1,1.0,1,691,7 Semesters (84 credits),0
B-test,43,cross,What is the Registration Fee for the Doctorate program in AIT?,140000,ait-t0001,1,0,0.0,0,188,1,1.0,1,423,1,1.0,1,686,"฿140,000",1
B-test,44,cross,What is the Tuition Fee for the Master's & M.Phil program? in AIT,768000,ait-t0001,1,0,0.0,0,188,1,1.0,1,434,1,1.0,1,632,"฿768,000",1
B-test,45,cross,What is the Medical Insurance Fee for the Master (1 year) program in AIT?,2500,ait-t0001,1,0,0.0,0,188,1,1.0,1,434,1,1.0,1,650,"฿2,500",1
B-test,46,cross,What is the Student Union Fee for the Certificate program in AIT?,150,ait-t0001,1,0,0.0,0,188,0,0.0,0,462,1,1.0,1,683,฿150,1
B-test,47,cross,What is the Tuition Fee for the Master (1 year) program in AIT ?,480000,ait-t0001,1,0,0.0,0,188,0,0.0,0,421,1,1.0,1,650,"฿480,000",1
B-test,48,cross,What is the Registration Fee for the Certificate program in AIT?,20000,ait-t0001,1,0,1.0,1,188,0,1.0,1,462,1,1.0,1,683,"฿20,000",1
B-test,49,cross,What is the Language Support Fee for the Doctorate program in AIT?,2000,ait-t0001,1,0,0.0,0,188,1,1.0,1,423,1,1.0,1,711,"฿2,000",1
B-test,50,cross,What is the Medical Insurance Fee for the Doctorate program in AIT?,8750,ait-t0001,1,0,0.0,0,188,1,1.0,1,423,1,1.0,1,697,"฿8,750",1
B-test,51,cross,What is the Student Union Fee for the Master's & M.Phil program in AIT?,600,ait-t0001,1,0,0.0,0,188,1,1.0,1,434,1,1.0,1,632,"฿2,000",0
B-test,52,cross,What is the Total Fees for the Master (1 year) program in AIT?,524800,ait-t0001,1,0,0.0,0,188,1,1.0,1,434,1,1.0,1,650,"฿524,800",1
B-test,53,cross,What is the Visa fee for the Doctorate program in AIT?,5700,ait-t0001,1,0,0.0,0,188,1,1.0,1,423,1,1.0,1,656,"฿1,900 per Year",0
B-test,54,cross,What is the Tuition Fee for the Certificate program in AIT?,"48,000–192,000",ait-t0001,1,0,0.0,0,188,0,0.0,0,476,0,0.0,0,695,The context provided does not specify the tuition fee for the Certificate program at AIT.,0
B-test,55,cross,What is the Medical Insurance Fee for a Master (1 year) program?,2500,ait-t0001,1,1,1.0,1,126,1,1.0,1,359,1,1.0,1,571,"฿2,500",1
B-test,56,cross,"In the general faculties fee table, what are the Total Fees for a Master's & M.Phil program in AIT?",855600,ait-t0001,1,0,0.0,0,188,1,1.0,1,434,1,1.0,1,639,"## ฿855,600 ##",1
B-test,57,cross,"In the general faculties fee table, what are the Total Fees for a Master (1 year) program?",524800,ait-t0001,1,0,0.0,0,120,1,1.0,1,348,1,1.0,1,561,"฿524,800",1
B-test,58,cross,"In the general faculties fee table, what are the Total Fees for a Certificate program?","69,400 – 213,400",ait-t0001,1,0,0.0,0,102,1,1.0,1,348,1,1.0,1,585,"฿69,400 – 213,400",1
B-test,59,cross,"In the general faculties fee table, what is the Living/Accommodation/Miscellaneous expenses range for a Doctorate program?","483,000 – 630,000",ait-t0001,1,0,0.0,0,152,1,1.0,1,387,1,1.0,1,617,"฿483,000 – 630,000",1
B-test,60,cross,"In the general faculties fee table, what is the Living/Accommodation/Miscellaneous expenses range for a Master's & M.Phil program?","253,000 – 330,000",ait-t0001,1,0,0.0,0,152,1,1.0,1,398,1,1.0,1,603,"฿253,000 – 330,000",1
B-test,61,cross,"In the general faculties fee table, what is the Visa fee for a Master's & M.Phil program?",3800,ait-t0001,1,0,0.0,0,120,1,1.0,1,348,1,1.0,1,564,"฿3,800",1
B-test,62,cross,What is the Tuition and Registration Fee for the DBA program?,1500000,ait-t0002,1,1,1.0,1,109,1,1.0,1,374,1,1.0,1,589,"฿1,500,000",1
B-test,63,cross,What is the Medical fee for the MBA/MSc 1 year program?,2500,ait-t0002,1,1,1.0,1,109,1,1.0,1,355,1,1.0,1,567,"฿2,500",1
B-test,64,cross,"In the School of Management fee table, what is the Tuition and Registration Fee for the PhD Program?","฿1,484,000",ait-t0002,1,1,1.0,1,109,1,1.0,1,339,1,1.0,1,592,"฿1,484,000",1
B-test,65,cross,What is the Education visa fee for the MBA/MSc 2 year program?,3800,ait-t0002,1,1,1.0,1,109,1,1.0,1,339,1,1.0,1,568,"฿3,800",1
B-test,66,cross,What is the Total Fees for the MBA/MSc 1 year program?,632700,ait-t0002,1,1,1.0,1,109,1,1.0,1,355,1,1.0,1,567,"฿856,600",0
B-test,67,row,"In the general faculties fee table,which program has the lowest Registration Fee?","Certificate ฿20,000",ait-t0001,4,0,0.0,0,102,0,0.0,0,332,0,0.0,0,536,"220,680 (Saturday)",0
B-test,68,row,"In the general faculties fee table,which program has the highest Total Fees?","Doctorate ฿1,495,800",ait-t0001,4,0,0.0,0,102,0,0.0,0,332,0,0.0,0,562,"313,330 (Saturday)",0
B-test,69,row,"In the general faculties fee table, which program has the highest Tuition Fee?","Doctorate ฿1,344,000",ait-t0001,4,0,0.0,0,120,0,0.0,0,332,0,0.0,0,567,"313,330 (Saturday)",0
B-test,70,row,Which program has the lowest Total Fees?,"Certificate ฿69,400–213,400",ait-t0001,4,0,0.0,0,113,0,0.0,0,335,0,0.0,0,548,Master of Engineering in Electrical & Computer Engineering (International Program),0
B-test,71,row,"In the School of Management fee table, which program has the highest Tuition and Registration Fee?","DBA Program, at ฿1,500,000",ait-t0002,4,0,0.0,0,120,0,0.0,0,343,0,0.0,0,551,Master of Management Program in Entrepreneurship and Emerging Enterprises,0
B-test,72,row,"In the School of Management fee table, which program has the lowest Tuition and Registration Fee?","MBA / MSc Program (1 year) ฿626,000",ait-t0002,4,0,0.0,0,120,0,0.0,0,343,0,0.0,0,548,Master of Communication Arts Program in Global Communication (International Program),0
B-test,73,row,"In the School of Management fee table, which program has the highest Total Fees?","DBA Program  ฿1,516,100",ait-t0002,4,0,0.0,0,120,0,0.0,0,343,0,0.0,0,548,Master of Business Administration in Innovation Management (International Program),0
B-test,74,row,"In the School of Management fee table, which program has the lowest Total Fees?","MBA / MSc Program (1 year), at ฿632,700",ait-t0002,4,0,0.0,0,120,0,0.0,0,343,0,0.0,0,548,Master of Communication Arts Program in Global Communication (International Program),0
B-test,75,row,"In the School of Management fee table, which program has the highest Medical fee?","PhD Program, at ฿8,750",ait-t0002,4,0,0.0,0,120,0,0.0,0,343,0,0.0,0,575,No data available,0
B-test,76,cross,"In the AIT living costs guide, what is the approximate monthly cost of dormitory accommodation (usually including bills)?","2,500 – 7,000 per month",ait-t0003,1,0,0.0,0,188,0,0.0,0,446,0,0.0,0,723,"฿2,500 – 7,000",0
B-test,77,col,"In the B.A. MAGIC program, which semester has the highest tuition fee?","Second Year / First Semester, at 55,490 Baht",iis-t0001,6,1,0.1667,0,165,1,0.1667,0,446,1,0.1667,0,661,First Year / First Semester,0
B-test,78,col,"In the B.A. MAGIC program, which semester(s) have the lowest tuition fee?","First Year / Second Semester and Third Year / Second Semester, both at 53,200 Baht",iis-t0001,6,1,0.1667,0,165,1,0.1667,0,446,1,0.1667,0,661,First Year / Second Semester,0
B-test,79,cross,How much is the tuition fee for the B.A. English program in the First Year / First Semester?,"61,090 Baht",iis-t0001,1,1,1.0,1,165,1,1.0,1,372,1,1.0,1,593,"61,090.-",0
B-test,80,cross,How many credits does the B.A. English program have in the Second Year / First Semester?,21 credits,iis-t0001,1,1,0.0,0,165,1,0.0,0,428,1,0.0,0,551,21,0
B-test,81,cross,How much is the tuition fee for B.A. MAGIC in the Second Year / First Semester?,"55,490 Baht",iis-t0001,1,1,0.0,0,165,1,0.0,0,428,1,0.0,0,658,"55,490.-",0
B-test,82,cross,How many courses does the Bachelor of Business Administration Program in Global Business and Digital Communication have in the First Year / First Semester?,6 courses,iis-t0001,1,1,1.0,1,161,1,1.0,1,428,1,1.0,1,661,6,0
B-test,83,cross,What is the total tuition fee for the B.A. English program across all 6 semesters?,"325,670 Baht",iis-t0001,1,1,0.0,0,165,1,0.0,0,372,1,0.0,0,593,"325,670.-",0
B-test,84,cross,What is the total number of credits for the B.A. MAGIC program?,123 credits,iis-t0001,1,1,0.0,0,161,1,0.0,0,428,1,0.0,0,622,123,0
B-test,85,cross,What is the total tuition fee for the Bachelor of Business Administration Program in Global Business and Digital Communication?,"323,670 Baht",iis-t0001,1,1,0.0,0,161,1,0.0,0,383,1,0.0,0,653,"324,670.-",0
B-test,86,cross,How much is the tuition fee for B.A. MAGIC in the Third Year / Second Semester?,"53,200 Baht",iis-t0001,1,1,0.0,0,165,1,0.0,0,428,1,0.0,0,649,"53,200.-",0
B-test,87,cross,How many courses does the B.A. English program have in the Third Year / First Semester?,7 courses,iis-t0001,1,1,0.0,0,165,1,0.0,0,407,1,0.0,0,570,7,0
B-test,88,cross,How much is the tuition fee for Bachelor of Business Administration Program in Global Business and Digital Communication in the Second Year / First Semester?,54490,iis-t0001,1,1,0.0,0,161,1,0.0,0,428,1,0.0,0,653,"54,490.-",1
M1-test,1,row,"For foreign students, what fee options does the Master of Laws offer?","Plan A Thesis: 226,880,  Plan B Non-Thesis: 224,080",bu-t0001,2,0,0.0,0,200,1,1.0,1,664,1,1.0,1,876,"226,880 (Saturday) 224,080 (Saturday)",0
M1-test,2,row,"For foreign students, what fee options does the Master of Business Administration offer?","Plan A Thesis: 231,030,Plan B Non-Thesis: 230,030",bu-t0001,2,0,0.0,0,10,1,1.0,1,474,1,1.0,1,701,"Plan A Thesis: 231,030 (Saturday), Plan B Non-Thesis: 230,030 (Saturday)",0
M1-test,3,row,"For foreign students, which tuition fee plan has the lower cost for the Master of Communication Arts in Strategic Brand and Communication Management?",Plan B Non-Thesis,bu-t0001,2,1,1.0,1,362,1,1.0,1,736,1,1.0,1,1206,Plan B Non-Thesis,1
M1-test,4,row,"For foreign students, does the Master of Architecture offer both Plan A and Plan B options?",No,bu-t0001,2,0,0.5,0,53,1,1.0,1,459,1,1.0,1,525,No,1
M1-test,5,cross,"For foreign students, does the Master of Management Program in Entrepreneurship offer a Plan A Thesis option?",No,bu-t0001,1,0,1.0,1,56,1,1.0,1,471,1,1.0,1,525,No,1
M1-test,6,row,"For foreign students, how much difference  fees in  Master of business Administration (English Program) between Plan A Thesis and Plan B Non-Thesis?",1000,bu-t0001,2,1,1.0,1,362,1,1.0,1,592,1,1.0,1,932,210,0
M1-test,7,cross,"For Thai students, does the Master of Science Program in Information Technology and Data Science offer a Plan B Non-Thesis option?",No,bu-t0002,1,1,1.0,1,330,1,1.0,1,546,1,1.0,1,961,No,1
M1-test,8,row,"For Thai students, what fee options does the Master of Laws offer?","Plan A Thesis: 213,380 , Plan B Non-Thesis: 212,380",bu-t0002,2,0,0.0,0,200,0,0.0,0,473,1,1.0,1,856,"Plan A Thesis, Plan B Non-Thesis",0
M1-test,9,col,"For foreign students, which master's program has the highest Plan A Thesis tuition fee?","Master of Engineering in Electrical & Computer Engineering (International Program), at 370,980 (Research Based)",bu-t0001,12,1,1.0,1,362,1,1.0,1,892,1,1.0,1,1109,"370,980 (Research Based)",0
M1-test,10,col,"For foreign students, which master's program has the lowest Plan A Thesis tuition fee?","Master of Communication Arts Program in Global Communication (International Program), at 200,630",bu-t0001,12,1,1.0,1,362,1,1.0,1,892,1,1.0,1,1165,Master of Communication Arts Program in Global Communication (International Program),0
M1-test,11,col,"For foreign students, which master's program has the highest Plan B Non-Thesis tuition fee?","Master of Management Program in Entrepreneurship and Emerging Enterprises, at 374,530",bu-t0001,12,1,1.0,1,362,1,1.0,1,807,1,1.0,1,1024,"374,530 (Saturday)",0
M1-test,12,col,"For foreign students, which master's program has the lowest Plan B Non-Thesis tuition fee?","Master of Communication Arts Program in Global Communication (International Program), at 199,630",bu-t0001,12,1,1.0,1,362,1,1.0,1,807,1,1.0,1,1122,"200,630 (Saturday)",0
M1-test,13,col,How many master's programs require 42 credits?,"4 (Master of Business Administration, Master of Management Program in Entrepreneurship and Emerging Enterprises, Master of Business Administration (English Program), and Master of Business Administration in Innovation Management (International Program))",bu-t0001,12,0,0.0,0,53,1,1.0,1,547,1,1.0,1,644,5,0
M1-test,14,col,How many master's programs require 36 credits?,"5 (Master of Communication Arts (Strategic Brand and Communication Management), Master of Arts Program in Tourism and Hospitality Management Innovation, Master of Architecture, Master of Engineering in Electrical & Computer Engineering, and Master of Science Program in Information Technology and Data Science)",bu-t0001,12,0,0.0,0,53,1,1.0,1,547,1,1.0,1,644,12,0
M1-test,15,col,How many master's programs require 39 credits?,2,bu-t0001,12,0,0.0,0,53,0,0.0833,0,385,0,0.0833,0,482,0,0
M1-test,16,col,Which master's programs require 39 credits?,Master of Communication Arts Program in Global Communication (International Program) and Master of Laws,bu-t0001,12,0,0.0,0,53,0,0.0833,0,226,0,0.0833,0,326,Master of Communication Arts (Strategic Brand and Communication Management),0
M1-test,17,col,"For foreign students, which master's programs do not offer a Plan B Non-Thesis option?","Master of Architecture, Master of Engineering in Electrical & Computer Engineering (International Program), and Master of Science Program in Information Technology and Data Science",bu-t0001,12,1,1.0,1,362,1,1.0,1,425,1,1.0,1,596,"Master of Architecture (Master of Architecture), Master of Engineering in Electrical & Computer Engineering (International Program) (Master of Engineering in Electrical & Computer Engineering (International Program)), Master of Science Program in Information Technology and Data Science (Master of Science Program in Information Technology and Data Science)",0
M1-test,18,col,"For Thai students, which program has the highest Plan A Thesis fee?","Master of Engineering in Electrical & Computer Engineering at 360,180",bu-t0002,12,1,1.0,1,330,1,1.0,1,701,1,1.0,1,856,Master of Arts Program in Tourism and Hospitality Management Innovation (International Program),0
M1-test,19,col,"For Thai students, which program has the lowest Plan A Thesis fee?","Master of Communication Arts Program in Global Communication at 188,930",bu-t0002,12,1,1.0,1,330,1,1.0,1,701,1,1.0,1,1141,Master of Communication Arts Program in Global Communication (International Program),0
M1-test,20,col,"For Thai students, which programs require 39 credits?","Master of Communication Arts Program in Global Communication, Master of Laws",bu-t0002,12,1,1.0,1,330,1,1.0,1,868,1,1.0,1,1149,Master of Laws (หลักสูตรนิติศาสตรมหาบัณฑิต),0
M1-test,21,col,"For Thai students, which programs do not offer a Plan B Non-Thesis option?","Master of Architecture, Master of Engineering in Electrical & Computer Engineering, Master of Science in IT and Data Sciences",bu-t0002,12,1,1.0,1,330,1,1.0,1,701,1,1.0,1,930,"Master of Architecture, Master of Engineering in Electrical & Computer Engineering (International Program), Master of Management Program in Entrepreneurship and Emerging Enterprises",0
M1-test,22,cross,"For foreign students, what is the Plan A Thesis fee for the Master of Business Administration?",231030,bu-t0001,1,1,1.0,1,362,1,1.0,1,702,1,1.0,1,975,"231,030",1
M1-test,23,cross,"For foreign students, what is the Plan B Non-Thesis fee for the Master of Communication Arts (Strategic Brand and Communication Management)?",227230,bu-t0001,1,1,1.0,1,362,1,1.0,1,736,1,1.0,1,966,"227,230 (Saturday)",1
M1-test,24,cross,"For foreign students, what is the Plan A Thesis fee for the Master of Engineering in Electrical & Computer Engineering?",370980,bu-t0001,1,1,1.0,1,362,1,1.0,1,892,1,1.0,1,1122,"370,980 (Research Based)",1
M1-test,25,cross,"For foreign students, how many credit for Master of Arts Program in Tourism and Hospitality Management Innovation (International Program)?",36,bu-t0001,1,1,1.0,1,362,1,1.0,1,459,1,1.0,1,921,36,1
M1-test,26,cross,"For foreign students, what is the Plan A Thesis fee for the Master of Business Administration in Innovation Management?",355030,bu-t0001,1,1,1.0,1,362,1,1.0,1,863,1,1.0,1,1165,"355,030",1
M1-test,27,cross,"For foreign students, what is fees the Plan B Non-Thesis fee for the Master of Laws? ",224080,bu-t0001,1,0,0.0,0,115,1,1.0,1,592,1,1.0,1,1122,"224,080 (Saturday)",1
M1-test,28,cross,"For foreign students, how many credits does the Master of Communication Arts Program in Global Communication require?",39,bu-t0001,1,1,1.0,1,362,1,1.0,1,744,1,1.0,1,932,39,1
M1-test,29,cross,"For foreign students, what is the Plan A Thesis fee for the Master of Arts Program in Data-Driven Marketing and Communications?",313330,bu-t0001,1,1,1.0,1,362,1,1.0,1,807,1,1.0,1,966,"313,330 (Saturday)",1
M1-test,30,cross,"For foreign students, what is the Plan B Non-Thesis fee for the Master of Management Program in Entrepreneurship and Emerging Enterprises?",374530,bu-t0001,1,1,1.0,1,362,1,1.0,1,807,1,1.0,1,1024,"374,530 (Saturday)",1
M1-test,31,cross,"For foreign students, how many credits does the Master of Business Administration require?",42,bu-t0001,1,0,0.0,0,10,0,0.0,0,70,1,1.0,1,485,42,1
M1-test,32,cross,"For foreign students, what is the Plan A Thesis fee for the Master of Architecture?",217230,bu-t0001,1,1,1.0,1,362,1,1.0,1,892,1,1.0,1,1178,"217,230 (Saturday)",1
M1-test,33,cross,"For Thai students, what is the Plan A Thesis fee for the Master of Business Administration?",218430,bu-t0002,1,1,1.0,1,330,1,1.0,1,701,1,1.0,1,1165,"218,430",1
M1-test,34,cross,"For Thai students, what is the Plan B Non-Thesis fee for the Master of Communication Arts (Strategic Brand and Communication Management)?",216430,bu-t0002,1,1,1.0,1,330,1,1.0,1,892,1,1.0,1,1401,"216,430",1
M1-test,35,cross,"For Thai students, what is the Plan A Thesis fee for the Master of Engineering in Electrical & Computer Engineering?",360180,bu-t0002,1,1,1.0,1,330,1,1.0,1,701,1,1.0,1,986,"360,180",1
M1-test,36,cross,"For Thai students, what is the Plan A Thesis fee for the Master of Arts Program in Data-Driven Marketing and Communications?",302530,bu-t0002,1,1,1.0,1,330,1,1.0,1,892,1,1.0,1,1401,"302,530",1
M1-test,37,cross,"For Thai students, what is the Plan B Non-Thesis fee for the Master of Management Program in Entrepreneurship and Emerging Enterprises?",361930,bu-t0002,1,1,1.0,1,330,1,1.0,1,863,1,1.0,1,1165,"361,930",1
M1-test,38,multi_cross,"For foreign students under Plan A Thesis, which is more expensive, the Master of Business Administration in Innovation Management or the Master of Engineering in Electrical & Computer Engineering?",360180,bu-t0002,2,0,0.0,0,362,0,0.0,0,425,1,1.0,1,811,"355,030 (Saturday)",0
M1-test,39,cross,"For Thai students, what is the Plan A Thesis fee for the Master of Business Administration in Innovation Management?",342430,bu-t0002,1,1,1.0,1,330,1,1.0,1,701,1,1.0,1,1165,"342,430",1
M1-test,40,cross,"For Thai students, how many credits does the Master of Laws require?",39,bu-t0002,1,0,0.0,0,200,1,1.0,1,701,1,1.0,1,917,39,1
M1-test,41,cross,"For Thai students, what is the Plan A Thesis fee for the Master of Science Program in Information Technology and Data Science?",209880,bu-t0002,1,1,1.0,1,330,1,1.0,1,701,1,1.0,1,856,"302,530",0
M1-test,42,cross,How many semesters and credits does the AIT Doctorate program require?,7 Semesters (84 credits) 42 Months,ait-t0001,1,0,0.0,0,90,0,0.0,0,354,1,1.0,1,725,7 Semesters (84 credits),0
M1-test,43,cross,What is the Registration Fee for the Doctorate program in AIT?,140000,ait-t0001,1,0,0.0,0,183,0,0.0,0,354,1,1.0,1,725,"฿140,000",1
M1-test,44,cross,What is the Tuition Fee for the Master's & M.Phil program? in AIT,768000,ait-t0001,1,1,1.0,1,200,1,1.0,1,473,1,1.0,1,656,"฿768,000",1
M1-test,45,cross,What is the Medical Insurance Fee for the Master (1 year) program in AIT?,2500,ait-t0001,1,1,1.0,1,200,1,1.0,1,464,1,1.0,1,928,"฿2,500",1
M1-test,46,cross,What is the Student Union Fee for the Certificate program in AIT?,150,ait-t0001,1,0,0.0,0,183,0,0.0,0,354,1,1.0,1,673,฿150,1
M1-test,47,cross,What is the Tuition Fee for the Master (1 year) program in AIT ?,480000,ait-t0001,1,0,0.0,0,183,0,0.0,0,354,1,1.0,1,916,"฿524,800",0
M1-test,48,cross,What is the Registration Fee for the Certificate program in AIT?,20000,ait-t0001,1,0,0.0,0,183,0,0.0,0,354,0,0.0,0,575,The question cannot be answered with the provided context.,0
M1-test,49,cross,What is the Language Support Fee for the Doctorate program in AIT?,2000,ait-t0001,1,0,0.0,0,183,1,1.0,1,554,1,1.0,1,725,"฿2,000",1
M1-test,50,cross,What is the Medical Insurance Fee for the Doctorate program in AIT?,8750,ait-t0001,1,1,1.0,1,200,1,1.0,1,473,1,1.0,1,725,"฿8,750",1
M1-test,51,cross,What is the Student Union Fee for the Master's & M.Phil program in AIT?,600,ait-t0001,1,1,1.0,1,200,1,1.0,1,371,1,1.0,1,656,฿600,1
M1-test,52,cross,What is the Total Fees for the Master (1 year) program in AIT?,524800,ait-t0001,1,0,0.0,0,183,1,1.0,1,464,1,1.0,1,656,"฿524,800",1
M1-test,53,cross,What is the Visa fee for the Doctorate program in AIT?,5700,ait-t0001,1,0,0.0,0,183,0,1.0,1,435,1,1.0,1,725,"฿5,700",1
M1-test,54,cross,What is the Tuition Fee for the Certificate program in AIT?,"48,000–192,000",ait-t0001,1,0,0.0,0,183,0,0.0,0,354,0,0.0,0,811,The provided context does not specify the tuition fee for the Certificate program in AIT.,0
M1-test,55,cross,What is the Medical Insurance Fee for a Master (1 year) program?,2500,ait-t0001,1,1,1.0,1,200,1,1.0,1,733,1,1.0,1,1165,"฿2,500",1
M1-test,56,cross,"In the general faculties fee table, what are the Total Fees for a Master's & M.Phil program in AIT?",855600,ait-t0001,1,0,0.0,0,90,1,1.0,1,371,1,1.0,1,916,"฿855,600",1
M1-test,57,cross,"In the general faculties fee table, what are the Total Fees for a Master (1 year) program?",524800,ait-t0001,1,1,1.0,1,200,1,1.0,1,733,1,1.0,1,1401,"฿524,800",1
M1-test,58,cross,"In the general faculties fee table, what are the Total Fees for a Certificate program?","69,400 – 213,400",ait-t0001,1,0,0.0,0,338,1,1.0,1,709,1,1.0,1,1186,"฿69,400 – 213,400",1
M1-test,59,cross,"In the general faculties fee table, what is the Living/Accommodation/Miscellaneous expenses range for a Doctorate program?","483,000 – 630,000",ait-t0001,1,0,1.0,1,171,1,1.0,1,486,1,1.0,1,963,"฿483,000 – 630,000",1
M1-test,60,cross,"In the general faculties fee table, what is the Living/Accommodation/Miscellaneous expenses range for a Master's & M.Phil program?","253,000 – 330,000",ait-t0001,1,1,1.0,1,200,1,1.0,1,733,1,1.0,1,1144,"฿253,000 – 330,000",1
M1-test,61,cross,"In the general faculties fee table, what is the Visa fee for a Master's & M.Phil program?",3800,ait-t0001,1,1,1.0,1,200,1,1.0,1,733,1,1.0,1,1165,"฿80,000",0
M1-test,62,cross,What is the Tuition and Registration Fee for the DBA program?,1500000,ait-t0002,1,1,1.0,1,171,1,1.0,1,562,1,1.0,1,864,"฿1,500,000",1
M1-test,63,cross,What is the Medical fee for the MBA/MSc 1 year program?,2500,ait-t0002,1,1,1.0,1,171,1,1.0,1,733,1,1.0,1,1165,"฿2,500",1
M1-test,64,cross,"In the School of Management fee table, what is the Tuition and Registration Fee for the PhD Program?","฿1,484,000",ait-t0002,1,1,1.0,1,171,1,1.0,1,733,1,1.0,1,789,"฿1,484,000",1
M1-test,65,cross,What is the Education visa fee for the MBA/MSc 2 year program?,3800,ait-t0002,1,1,1.0,1,171,1,1.0,1,733,1,1.0,1,1173,"฿3,800",1
M1-test,66,cross,What is the Total Fees for the MBA/MSc 1 year program?,632700,ait-t0002,1,1,1.0,1,171,1,1.0,1,733,1,1.0,1,1165,"฿856,600",0
M1-test,67,row,"In the general faculties fee table,which program has the lowest Registration Fee?","Certificate ฿20,000",ait-t0001,4,1,1.0,1,200,1,1.0,1,709,1,1.0,1,1124,Bachelor of Arts Program in Media and Global Innovative Communication (B.A. MAGIC),0
M1-test,68,row,"In the general faculties fee table,which program has the highest Total Fees?","Doctorate ฿1,495,800",ait-t0001,4,0,0.0,0,338,1,1.0,1,900,1,1.0,1,1161,Bachelor of Arts Program in English (B.A. English),0
M1-test,69,row,"In the general faculties fee table, which program has the highest Tuition Fee?","Doctorate ฿1,344,000",ait-t0001,4,0,0.0,0,338,1,1.0,1,900,1,1.0,1,1124,Bachelor of Arts Program in English (B.A. English),0
M1-test,70,row,Which program has the lowest Total Fees?,"Certificate ฿69,400–213,400",ait-t0001,4,0,0.0,0,171,0,0.0,0,871,1,1.0,1,1401,"฿632,700",0
M1-test,71,row,"In the School of Management fee table, which program has the highest Tuition and Registration Fee?","DBA Program, at ฿1,500,000",ait-t0002,4,0,0.0,0,3,1,1.0,1,536,1,1.0,1,919,Master of Engineering in Electrical & Computer Engineering (International Program),0
M1-test,72,row,"In the School of Management fee table, which program has the lowest Tuition and Registration Fee?","MBA / MSc Program (1 year) ฿626,000",ait-t0002,4,0,0.0,0,3,1,1.0,1,536,1,1.0,1,789,Master of Communication Arts Program in Global Communication (International Program),0
M1-test,73,row,"In the School of Management fee table, which program has the highest Total Fees?","DBA Program  ฿1,516,100",ait-t0002,4,0,0.0,0,3,1,1.0,1,536,1,1.0,1,1204,Master of Engineering in Electrical & Computer Engineering (International Program) (Master of Engineering in Electrical & Computer Engineering (International Program)),0
M1-test,74,row,"In the School of Management fee table, which program has the lowest Total Fees?","MBA / MSc Program (1 year), at ฿632,700",ait-t0002,4,0,0.0,0,3,1,1.0,1,536,1,1.0,1,1204,Master of Communication Arts Program in Global Communication (International Program) (Master of Communication Arts Program in Global Communication (International Program)),0
M1-test,75,row,"In the School of Management fee table, which program has the highest Medical fee?","PhD Program, at ฿8,750",ait-t0002,4,0,0.0,0,3,0,0.0,0,565,1,1.0,1,1074,Master of Engineering in Electrical & Computer Engineering (International Program),0
M1-test,76,cross,"In the AIT living costs guide, what is the approximate monthly cost of dormitory accommodation (usually including bills)?","2,500 – 7,000 per month",ait-t0003,1,1,0.0,0,81,1,0.0,0,354,1,0.0,0,483,"฿2,500 – 7,000",0
M1-test,77,col,"In the B.A. MAGIC program, which semester has the highest tuition fee?","Second Year / First Semester, at 55,490 Baht",iis-t0001,6,1,0.1667,0,338,1,0.1667,0,1030,1,0.1667,0,1254,First Year / First Semester,0
M1-test,78,col,"In the B.A. MAGIC program, which semester(s) have the lowest tuition fee?","First Year / Second Semester and Third Year / Second Semester, both at 53,200 Baht",iis-t0001,6,1,0.1667,0,338,1,0.1667,0,871,1,0.1667,0,1254,First Year / Second Semester,0
M1-test,79,cross,How much is the tuition fee for the B.A. English program in the First Year / First Semester?,"61,090 Baht",iis-t0001,1,1,1.0,1,338,1,1.0,1,900,1,1.0,1,1186,"61,090.-",0
M1-test,80,cross,How many credits does the B.A. English program have in the Second Year / First Semester?,21 credits,iis-t0001,1,1,0.0,0,338,1,0.0,0,815,1,0.0,0,1014,21,0
M1-test,81,cross,How much is the tuition fee for B.A. MAGIC in the Second Year / First Semester?,"55,490 Baht",iis-t0001,1,1,0.0,0,338,1,0.0,0,871,1,0.0,0,1401,"55,490.-",0
M1-test,82,cross,How many courses does the Bachelor of Business Administration Program in Global Business and Digital Communication have in the First Year / First Semester?,6 courses,iis-t0001,1,1,1.0,1,338,1,1.0,1,832,1,1.0,1,932,6,0
M1-test,83,cross,What is the total tuition fee for the B.A. English program across all 6 semesters?,"325,670 Baht",iis-t0001,1,1,0.0,0,338,1,0.0,0,815,1,0.0,0,1101,"325,670.-",0
M1-test,84,cross,What is the total number of credits for the B.A. MAGIC program?,123 credits,iis-t0001,1,1,0.0,0,338,1,0.0,0,871,1,0.0,0,1245,123,0
M1-test,85,cross,What is the total tuition fee for the Bachelor of Business Administration Program in Global Business and Digital Communication?,"323,670 Baht",iis-t0001,1,1,0.0,0,338,1,0.0,0,1030,1,0.0,0,1185,"323,670.-",0
M1-test,86,cross,How much is the tuition fee for B.A. MAGIC in the Third Year / Second Semester?,"53,200 Baht",iis-t0001,1,1,0.0,0,338,1,0.0,0,871,1,0.0,0,1401,"53,200.-",0
M1-test,87,cross,How many courses does the B.A. English program have in the Third Year / First Semester?,7 courses,iis-t0001,1,1,0.0,0,338,1,0.0,0,756,1,0.0,0,853,7,0
M1-test,88,cross,How much is the tuition fee for Bachelor of Business Administration Program in Global Business and Digital Communication in the Second Year / First Semester?,54490,iis-t0001,1,1,0.0,0,338,1,0.0,0,1030,1,0.0,0,1185,"54,490.-",1
M2-test,1,row,"For foreign students, what fee options does the Master of Laws offer?","Plan A Thesis: 226,880,  Plan B Non-Thesis: 224,080",bu-t0001,2,0,0.0,0,115,0,0.0,0,495,1,0.0,0,1130,Plan A (Thesis) and Plan B (Non-Thesis),0
M2-test,2,row,"For foreign students, what fee options does the Master of Business Administration offer?","Plan A Thesis: 231,030,Plan B Non-Thesis: 230,030",bu-t0001,2,0,0.0,0,10,0,0.0,0,372,1,0.0,0,829,Plan A (Thesis) and Plan B (Non-Thesis),0
M2-test,3,row,"For foreign students, which tuition fee plan has the lower cost for the Master of Communication Arts in Strategic Brand and Communication Management?",Plan B Non-Thesis,bu-t0001,2,0,0.0,0,44,0,0.0,0,704,1,0.0,0,1114,Plan B,0
M2-test,4,row,"For foreign students, does the Master of Architecture offer both Plan A and Plan B options?",No,bu-t0001,2,0,0.5,0,53,0,0.5,0,276,1,0.5,0,564,Yes,0
M2-test,5,cross,"For foreign students, does the Master of Management Program in Entrepreneurship offer a Plan A Thesis option?",No,bu-t0001,1,0,1.0,1,56,0,1.0,1,119,0,1.0,1,204,No,1
M2-test,6,row,"For foreign students, how much difference  fees in  Master of business Administration (English Program) between Plan A Thesis and Plan B Non-Thesis?",1000,bu-t0001,2,0,0.0,0,179,0,0.0,0,541,1,0.0,0,829,"37,000",0
M2-test,7,cross,"For Thai students, does the Master of Science Program in Information Technology and Data Science offer a Plan B Non-Thesis option?",No,bu-t0002,1,0,1.0,1,278,1,1.0,1,639,1,1.0,1,871,No,1
M2-test,8,row,"For Thai students, what fee options does the Master of Laws offer?","Plan A Thesis: 213,380 , Plan B Non-Thesis: 212,380",bu-t0002,2,0,0.0,0,278,1,0.0,0,938,1,0.0,0,1106,Plan A (Thesis) and Plan B (Non-Thesis),0
M2-test,9,col,"For foreign students, which master's program has the highest Plan A Thesis tuition fee?","Master of Engineering in Electrical & Computer Engineering (International Program), at 370,980 (Research Based)",bu-t0001,12,0,0.0,0,115,1,0.0,0,572,1,0.0833,0,1176,"370,980",0
M2-test,10,col,"For foreign students, which master's program has the lowest Plan A Thesis tuition fee?","Master of Communication Arts Program in Global Communication (International Program), at 200,630",bu-t0001,12,0,0.0,0,115,1,0.0,0,572,1,0.0833,0,1176,Master of Laws,0
M2-test,11,col,"For foreign students, which master's program has the highest Plan B Non-Thesis tuition fee?","Master of Management Program in Entrepreneurship and Emerging Enterprises, at 374,530",bu-t0001,12,0,0.0,0,179,0,0.1667,0,541,1,0.25,0,829,"374,530",0
M2-test,12,col,"For foreign students, which master's program has the lowest Plan B Non-Thesis tuition fee?","Master of Communication Arts Program in Global Communication (International Program), at 199,630",bu-t0001,12,0,0.0,0,179,0,0.1667,0,541,1,0.25,0,829,Master of Communication Arts,0
M2-test,13,col,How many master's programs require 42 credits?,"4 (Master of Business Administration, Master of Management Program in Entrepreneurship and Emerging Enterprises, Master of Business Administration (English Program), and Master of Business Administration in Innovation Management (International Program))",bu-t0001,12,0,0.0,0,115,1,0.3333,0,572,1,0.6667,0,872,4,0
M2-test,14,col,How many master's programs require 36 credits?,"5 (Master of Communication Arts (Strategic Brand and Communication Management), Master of Arts Program in Tourism and Hospitality Management Innovation, Master of Architecture, Master of Engineering in Electrical & Computer Engineering, and Master of Science Program in Information Technology and Data Science)",bu-t0001,12,0,0.0,0,179,1,0.3333,0,572,1,0.6667,0,872,3,0
M2-test,15,col,How many master's programs require 39 credits?,2,bu-t0001,12,0,0.0,0,179,1,0.3333,0,572,1,0.6667,0,872,3,0
M2-test,16,col,Which master's programs require 39 credits?,Master of Communication Arts Program in Global Communication (International Program) and Master of Laws,bu-t0001,12,0,0.0,0,115,0,0.0,0,347,1,0.4167,0,757,Master of Arts Program in Tourism and Hospitality Management Innovation (International Program),0
M2-test,17,col,"For foreign students, which master's programs do not offer a Plan B Non-Thesis option?","Master of Architecture, Master of Engineering in Electrical & Computer Engineering (International Program), and Master of Science Program in Information Technology and Data Science",bu-t0001,12,0,0.0,0,179,0,0.1667,0,347,0,0.1667,0,413,Master of Architecture,0
M2-test,18,col,"For Thai students, which program has the highest Plan A Thesis fee?","Master of Engineering in Electrical & Computer Engineering at 360,180",bu-t0002,12,1,0.0833,0,247,1,0.0833,0,938,1,0.0833,0,1106,Master of Laws,0
M2-test,19,col,"For Thai students, which program has the lowest Plan A Thesis fee?","Master of Communication Arts Program in Global Communication at 188,930",bu-t0002,12,1,0.0833,0,247,1,0.0833,0,938,1,0.0833,0,1148,Master of Laws,0
M2-test,20,col,"For Thai students, which programs require 39 credits?","Master of Communication Arts Program in Global Communication, Master of Laws",bu-t0002,12,0,0.3333,0,278,1,0.6667,0,635,1,0.6667,0,1101,Master of Communication Arts Program in Global Communication (International Program),0
M2-test,21,col,"For Thai students, which programs do not offer a Plan B Non-Thesis option?","Master of Architecture, Master of Engineering in Electrical & Computer Engineering, Master of Science in IT and Data Sciences",bu-t0002,12,1,0.1667,0,247,1,0.25,0,639,1,0.25,0,802,"Master of Laws, Master of Science Program in Information Technology and Data Science",0
M2-test,22,cross,"For foreign students, what is the Plan A Thesis fee for the Master of Business Administration?",231030,bu-t0001,1,0,0.0,0,115,0,0.0,0,541,1,0.0,0,829,"370,980",0
M2-test,23,cross,"For foreign students, what is the Plan B Non-Thesis fee for the Master of Communication Arts (Strategic Brand and Communication Management)?",227230,bu-t0001,1,0,0.0,0,247,0,0.0,0,470,1,0.0,0,863,"216,430",0
M2-test,24,cross,"For foreign students, what is the Plan A Thesis fee for the Master of Engineering in Electrical & Computer Engineering?",370980,bu-t0001,1,0,0.0,0,115,0,0.0,0,651,1,0.0,0,1130,"360,180",0
M2-test,25,cross,"For foreign students, how many credit for Master of Arts Program in Tourism and Hospitality Management Innovation (International Program)?",36,bu-t0001,1,0,0.0,0,44,0,1.0,1,344,1,1.0,1,754,36,1
M2-test,26,cross,"For foreign students, what is the Plan A Thesis fee for the Master of Business Administration in Innovation Management?",355030,bu-t0001,1,0,0.0,0,115,0,0.0,0,541,1,0.0,0,829,"370,980",0
M2-test,27,cross,"For foreign students, what is fees the Plan B Non-Thesis fee for the Master of Laws? ",224080,bu-t0001,1,0,0.0,0,179,0,0.0,0,541,1,0.0,0,1020,"374,530",0
M2-test,28,cross,"For foreign students, how many credits does the Master of Communication Arts Program in Global Communication require?",39,bu-t0001,1,0,0.0,0,44,1,0.0,0,454,1,0.0,0,757,36,0
M2-test,29,cross,"For foreign students, what is the Plan A Thesis fee for the Master of Arts Program in Data-Driven Marketing and Communications?",313330,bu-t0001,1,0,0.0,0,115,1,0.0,0,572,1,0.0,0,863,"360,180",0
M2-test,30,cross,"For foreign students, what is the Plan B Non-Thesis fee for the Master of Management Program in Entrepreneurship and Emerging Enterprises?",374530,bu-t0001,1,0,0.0,0,179,0,0.0,0,541,1,0.0,0,1176,"199,630",0
M2-test,31,cross,"For foreign students, how many credits does the Master of Business Administration require?",42,bu-t0001,1,0,0.0,0,10,0,0.0,0,70,1,1.0,1,595,36,0
M2-test,32,cross,"For foreign students, what is the Plan A Thesis fee for the Master of Architecture?",217230,bu-t0001,1,0,0.0,0,115,0,0.0,0,651,1,0.0,0,1176,"360,180",0
M2-test,33,cross,"For Thai students, what is the Plan A Thesis fee for the Master of Business Administration?",218430,bu-t0002,1,1,0.0,0,247,1,0.0,0,640,1,0.0,0,807,"231,630",0
M2-test,34,cross,"For Thai students, what is the Plan B Non-Thesis fee for the Master of Communication Arts (Strategic Brand and Communication Management)?",216430,bu-t0002,1,1,0.0,0,247,1,0.0,0,938,1,0.0,0,1139,"52,200",0
M2-test,35,cross,"For Thai students, what is the Plan A Thesis fee for the Master of Engineering in Electrical & Computer Engineering?",360180,bu-t0002,1,1,0.0,0,247,1,0.0,0,708,1,0.0,0,1478,"฿1,344,000",0
M2-test,36,cross,"For Thai students, what is the Plan A Thesis fee for the Master of Arts Program in Data-Driven Marketing and Communications?",302530,bu-t0002,1,0,0.0,0,278,1,0.0,0,938,1,0.0,0,1106,"231,630",0
M2-test,37,cross,"For Thai students, what is the Plan B Non-Thesis fee for the Master of Management Program in Entrepreneurship and Emerging Enterprises?",361930,bu-t0002,1,1,0.0,0,247,1,0.0,0,639,1,0.0,0,1105,"THB 150,000",0
M2-test,38,multi_cross,"For foreign students under Plan A Thesis, which is more expensive, the Master of Business Administration in Innovation Management or the Master of Engineering in Electrical & Computer Engineering?",360180,bu-t0002,2,0,0.0,0,10,0,0.0,0,178,0,0.0,0,413,Master of Engineering in Electrical & Computer Engineering,0
M2-test,39,cross,"For Thai students, what is the Plan A Thesis fee for the Master of Business Administration in Innovation Management?",342430,bu-t0002,1,1,0.0,0,247,1,0.0,0,578,1,0.0,0,807,"231,630",0
M2-test,40,cross,"For Thai students, how many credits does the Master of Laws require?",39,bu-t0002,1,1,0.0,0,247,1,0.0,0,938,1,0.0,0,1105,36,0
M2-test,41,cross,"For Thai students, what is the Plan A Thesis fee for the Master of Science Program in Information Technology and Data Science?",209880,bu-t0002,1,0,0.0,0,278,1,0.0,0,938,1,0.0,0,1106,"360,180",0
M2-test,42,cross,How many semesters and credits does the AIT Doctorate program require?,7 Semesters (84 credits) 42 Months,ait-t0001,1,1,0.0,0,357,1,0.0,0,648,1,0.0,0,880,7 Semesters (84 credits),0
M2-test,43,cross,What is the Registration Fee for the Doctorate program in AIT?,140000,ait-t0001,1,1,1.0,1,357,1,1.0,1,741,1,1.0,1,880,"฿140,000",1
M2-test,44,cross,What is the Tuition Fee for the Master's & M.Phil program? in AIT,768000,ait-t0001,1,1,1.0,1,357,1,1.0,1,648,1,1.0,1,1244,"฿768,000",1
M2-test,45,cross,What is the Medical Insurance Fee for the Master (1 year) program in AIT?,2500,ait-t0001,1,1,1.0,1,357,1,1.0,1,741,1,1.0,1,1013,"฿2,500",1
M2-test,46,cross,What is the Student Union Fee for the Certificate program in AIT?,150,ait-t0001,1,1,1.0,1,357,1,1.0,1,741,1,1.0,1,947,฿150,1
M2-test,47,cross,What is the Tuition Fee for the Master (1 year) program in AIT ?,480000,ait-t0001,1,1,1.0,1,357,1,1.0,1,741,1,1.0,1,988,"฿480,000",1
M2-test,48,cross,What is the Registration Fee for the Certificate program in AIT?,20000,ait-t0001,1,1,1.0,1,357,1,1.0,1,741,1,1.0,1,880,"฿20,000",1
M2-test,49,cross,What is the Language Support Fee for the Doctorate program in AIT?,2000,ait-t0001,1,1,1.0,1,357,1,1.0,1,741,1,1.0,1,991,"฿2,000",1
M2-test,50,cross,What is the Medical Insurance Fee for the Doctorate program in AIT?,8750,ait-t0001,1,1,1.0,1,357,1,1.0,1,741,1,1.0,1,988,"฿8,750",1
M2-test,51,cross,What is the Student Union Fee for the Master's & M.Phil program in AIT?,600,ait-t0001,1,1,1.0,1,357,1,1.0,1,648,1,1.0,1,988,฿600,1
M2-test,52,cross,What is the Total Fees for the Master (1 year) program in AIT?,524800,ait-t0001,1,1,1.0,1,357,1,1.0,1,741,1,1.0,1,988,"฿524,800",1
M2-test,53,cross,What is the Visa fee for the Doctorate program in AIT?,5700,ait-t0001,1,1,1.0,1,357,1,1.0,1,741,1,1.0,1,947,"฿5,700",1
M2-test,54,cross,What is the Tuition Fee for the Certificate program in AIT?,"48,000–192,000",ait-t0001,1,1,1.0,1,357,1,1.0,1,741,1,1.0,1,988,"฿48,000 – 192,000",1
M2-test,55,cross,What is the Medical Insurance Fee for a Master (1 year) program?,2500,ait-t0001,1,0,0.0,0,115,1,1.0,1,651,1,1.0,1,1130,"฿2,500",1
M2-test,56,cross,"In the general faculties fee table, what are the Total Fees for a Master's & M.Phil program in AIT?",855600,ait-t0001,1,1,1.0,1,357,1,1.0,1,648,1,1.0,1,946,"฿855,600",1
M2-test,57,cross,"In the general faculties fee table, what are the Total Fees for a Master (1 year) program?",524800,ait-t0001,1,0,0.0,0,115,0,0.0,0,495,1,1.0,1,1130,"฿524,800",1
M2-test,58,cross,"In the general faculties fee table, what are the Total Fees for a Certificate program?","69,400 – 213,400",ait-t0001,1,0,0.0,0,115,1,1.0,1,673,1,1.0,1,1265,"฿69,400 – 213,400",1
M2-test,59,cross,"In the general faculties fee table, what is the Living/Accommodation/Miscellaneous expenses range for a Doctorate program?","483,000 – 630,000",ait-t0001,1,0,0.0,0,201,1,1.0,1,673,1,1.0,1,1009,"฿483,000 – 630,000",1
M2-test,60,cross,"In the general faculties fee table, what is the Living/Accommodation/Miscellaneous expenses range for a Master's & M.Phil program?","253,000 – 330,000",ait-t0001,1,0,0.0,0,115,0,0.0,0,495,1,1.0,1,1130,"฿253,000 – 330,000",1
M2-test,61,cross,"In the general faculties fee table, what is the Visa fee for a Master's & M.Phil program?",3800,ait-t0001,1,1,1.0,1,357,1,1.0,1,673,1,1.0,1,1130,"฿3,800",1
M2-test,62,cross,What is the Tuition and Registration Fee for the DBA program?,1500000,ait-t0002,1,1,0.0,0,201,1,0.0,0,726,1,0.0,0,1192,"The Tuition and Registration Fee for the DBA program is not explicitly provided in the context. However, based on the context, the Tuition and Registration Fee for the DBA program at AIT is likely included in the total fees for the program, which are calculated by summing up individual fees. For precise information, contact the admissions office.",0
M2-test,63,cross,What is the Medical fee for the MBA/MSc 1 year program?,2500,ait-t0002,1,0,0.0,0,115,0,0.0,0,651,1,0.0,0,1130,"฿2,500",1
M2-test,64,cross,"In the School of Management fee table, what is the Tuition and Registration Fee for the PhD Program?","฿1,484,000",ait-t0002,1,1,0.0,0,201,1,0.0,0,673,1,0.0,0,973,The Tuition and Registration Fee for the PhD Program is not provided in the context.,0
M2-test,65,cross,What is the Education visa fee for the MBA/MSc 2 year program?,3800,ait-t0002,1,1,0.0,0,201,1,0.0,0,673,1,0.0,0,945,"฿3,800",1
M2-test,66,cross,What is the Total Fees for the MBA/MSc 1 year program?,632700,ait-t0002,1,0,0.0,0,115,1,0.0,0,495,1,0.0,0,1130,"524,800",0
M2-test,67,row,"In the general faculties fee table,which program has the lowest Registration Fee?","Certificate ฿20,000",ait-t0001,4,0,0.0,0,115,0,0.0,0,495,1,1.0,1,1130,Master (1 year),0
M2-test,68,row,"In the general faculties fee table,which program has the highest Total Fees?","Doctorate ฿1,495,800",ait-t0001,4,0,0.0,0,201,0,0.0,0,495,1,1.0,1,1099,Master of Engineering in Electrical & Computer Engineering (International Program),0
M2-test,69,row,"In the general faculties fee table, which program has the highest Tuition Fee?","Doctorate ฿1,344,000",ait-t0001,4,0,0.0,0,201,0,0.0,0,495,1,1.0,1,1099,Master of Laws,0
M2-test,70,row,Which program has the lowest Total Fees?,"Certificate ฿69,400–213,400",ait-t0001,4,0,0.0,0,115,0,0.0,0,495,0,0.0,0,1186,B.B.A. Global Business and Digital Communication,0
M2-test,71,row,"In the School of Management fee table, which program has the highest Tuition and Registration Fee?","DBA Program, at ฿1,500,000",ait-t0002,4,0,0.0,0,3,1,0.0,0,319,1,0.0,0,745,Master of Business Administration in Innovation Management (International Program),0
M2-test,72,row,"In the School of Management fee table, which program has the lowest Tuition and Registration Fee?","MBA / MSc Program (1 year) ฿626,000",ait-t0002,4,0,0.0,0,3,0,0.0,0,297,1,0.0,0,776,Master of Business Administration (English Program),0
M2-test,73,row,"In the School of Management fee table, which program has the highest Total Fees?","DBA Program  ฿1,516,100",ait-t0002,4,0,0.0,0,3,1,0.0,0,319,1,0.0,0,844,Master of Business Administration (English Program),0
M2-test,74,row,"In the School of Management fee table, which program has the lowest Total Fees?","MBA / MSc Program (1 year), at ฿632,700",ait-t0002,4,0,0.0,0,3,0,0.0,0,297,1,0.0,0,745,Master of Management Program in Entrepreneurship and Emerging Enterprises,0
M2-test,75,row,"In the School of Management fee table, which program has the highest Medical fee?","PhD Program, at ฿8,750",ait-t0002,4,0,0.0,0,3,1,0.0,0,319,1,0.0,0,923,"฿8,750",0
M2-test,76,cross,"In the AIT living costs guide, what is the approximate monthly cost of dormitory accommodation (usually including bills)?","2,500 – 7,000 per month",ait-t0003,1,1,0.0,0,157,1,0.0,0,715,1,0.0,0,988,"฿2,500 to ฿7,000",0
M2-test,77,col,"In the B.A. MAGIC program, which semester has the highest tuition fee?","Second Year / First Semester, at 55,490 Baht",iis-t0001,6,1,0.0,0,413,1,0.0,0,938,1,0.0,0,1232,Second Semester,0
M2-test,78,col,"In the B.A. MAGIC program, which semester(s) have the lowest tuition fee?","First Year / Second Semester and Third Year / Second Semester, both at 53,200 Baht",iis-t0001,6,1,0.0,0,413,1,0.0,0,938,1,0.0,0,1232,Second semester,0
M2-test,79,cross,How much is the tuition fee for the B.A. English program in the First Year / First Semester?,"61,090 Baht",iis-t0001,1,1,0.0,0,413,1,0.0,0,1017,1,0.0,0,1333,"61,090",0
M2-test,80,cross,How many credits does the B.A. English program have in the Second Year / First Semester?,21 credits,iis-t0001,1,1,0.0,0,413,1,0.0,0,938,1,0.0,0,1232,21,0
M2-test,81,cross,How much is the tuition fee for B.A. MAGIC in the Second Year / First Semester?,"55,490 Baht",iis-t0001,1,1,0.0,0,413,1,0.0,0,938,1,0.0,0,1410,"53,200",0
M2-test,82,cross,How many courses does the Bachelor of Business Administration Program in Global Business and Digital Communication have in the First Year / First Semester?,6 courses,iis-t0001,1,0,0.0,0,132,0,0.0,0,232,1,0.0,0,892,6,0
M2-test,83,cross,What is the total tuition fee for the B.A. English program across all 6 semesters?,"325,670 Baht",iis-t0001,1,1,0.0,0,413,1,0.0,0,885,1,0.0,0,1333,"325,670",0
M2-test,84,cross,What is the total number of credits for the B.A. MAGIC program?,123 credits,iis-t0001,1,0,0.0,0,247,1,0.0,0,938,1,0.0,0,1232,36,0
M2-test,85,cross,What is the total tuition fee for the Bachelor of Business Administration Program in Global Business and Digital Communication?,"323,670 Baht",iis-t0001,1,1,0.0,0,413,1,0.0,0,938,1,0.0,0,1192,"323,670 Baht",1
M2-test,86,cross,How much is the tuition fee for B.A. MAGIC in the Third Year / Second Semester?,"53,200 Baht",iis-t0001,1,1,0.0,0,413,1,0.0,0,938,1,0.0,0,1410,"53,200",0
M2-test,87,cross,How many courses does the B.A. English program have in the Third Year / First Semester?,7 courses,iis-t0001,1,1,0.0,0,413,1,0.0,0,716,1,0.0,0,813,7,0
M2-test,88,cross,How much is the tuition fee for Bachelor of Business Administration Program in Global Business and Digital Communication in the Second Year / First Semester?,54490,iis-t0001,1,1,0.0,0,413,1,0.0,0,938,1,0.0,0,1084,"54,090 Baht",0
M3-test,1,row,"For foreign students, what fee options does the Master of Laws offer?","Plan A Thesis: 226,880,  Plan B Non-Thesis: 224,080",bu-t0001,2,0,0.0,0,72,0,0.0,0,201,0,0.0,0,439,"213,380 (Saturday)",0
M3-test,2,row,"For foreign students, what fee options does the Master of Business Administration offer?","Plan A Thesis: 231,030,Plan B Non-Thesis: 230,030",bu-t0001,2,1,0.5,0,166,1,0.5,0,288,1,1.0,1,634,"230,030 (Saturday), 217,430 (Saturday), 231,030 (Saturday), 231,030 (Saturday), 354,030 (Saturday), 355,030 (Saturday)",0
M3-test,3,row,"For foreign students, which tuition fee plan has the lower cost for the Master of Communication Arts in Strategic Brand and Communication Management?",Plan B Non-Thesis,bu-t0001,2,0,0.0,0,145,1,0.5,0,488,1,1.0,1,718,"227,230",0
M3-test,4,row,"For foreign students, does the Master of Architecture offer both Plan A and Plan B options?",No,bu-t0001,2,0,0.0,0,145,1,1.0,1,512,1,1.0,1,882,No,1
M3-test,5,cross,"For foreign students, does the Master of Management Program in Entrepreneurship offer a Plan A Thesis option?",No,bu-t0001,1,0,0.0,0,177,1,1.0,1,571,1,1.0,1,882,No,1
M3-test,6,row,"For foreign students, how much difference  fees in  Master of business Administration (English Program) between Plan A Thesis and Plan B Non-Thesis?",1000,bu-t0001,2,1,0.5,0,166,1,1.0,1,512,1,1.0,1,714,"34,400",0
M3-test,7,cross,"For Thai students, does the Master of Science Program in Information Technology and Data Science offer a Plan B Non-Thesis option?",No,bu-t0002,1,0,0.0,0,72,1,0.0,0,285,1,0.0,0,514,No,1
M3-test,8,row,"For Thai students, what fee options does the Master of Laws offer?","Plan A Thesis: 213,380 , Plan B Non-Thesis: 212,380",bu-t0002,2,0,0.0,0,72,0,0.0,0,201,0,0.0,0,336,No information provided.,0
M3-test,9,col,"For foreign students, which master's program has the highest Plan A Thesis tuition fee?","Master of Engineering in Electrical & Computer Engineering (International Program), at 370,980 (Research Based)",bu-t0001,12,0,0.0,0,177,1,0.9167,0,450,1,1.0,1,761,"360,180",0
M3-test,10,col,"For foreign students, which master's program has the lowest Plan A Thesis tuition fee?","Master of Communication Arts Program in Global Communication (International Program), at 200,630",bu-t0001,12,0,0.0,0,177,1,0.9167,0,450,1,1.0,1,761,"206,430",0
M3-test,11,col,"For foreign students, which master's program has the highest Plan B Non-Thesis tuition fee?","Master of Management Program in Entrepreneurship and Emerging Enterprises, at 374,530",bu-t0001,12,0,0.0,0,145,1,1.0,1,488,1,1.0,1,761,"361,930",0
M3-test,12,col,"For foreign students, which master's program has the lowest Plan B Non-Thesis tuition fee?","Master of Communication Arts Program in Global Communication (International Program), at 199,630",bu-t0001,12,0,0.0,0,145,1,1.0,1,488,1,1.0,1,761,"187,930",0
M3-test,13,col,How many master's programs require 42 credits?,"4 (Master of Business Administration, Master of Management Program in Entrepreneurship and Emerging Enterprises, Master of Business Administration (English Program), and Master of Business Administration in Innovation Management (International Program))",bu-t0001,12,1,0.9167,0,193,1,0.9167,0,426,1,1.0,1,804,10,0
M3-test,14,col,How many master's programs require 36 credits?,"5 (Master of Communication Arts (Strategic Brand and Communication Management), Master of Arts Program in Tourism and Hospitality Management Innovation, Master of Architecture, Master of Engineering in Electrical & Computer Engineering, and Master of Science Program in Information Technology and Data Science)",bu-t0001,12,1,0.9167,0,193,1,0.9167,0,426,1,1.0,1,695,12,0
M3-test,15,col,How many master's programs require 39 credits?,2,bu-t0001,12,1,0.9167,0,193,1,0.9167,0,426,1,1.0,1,804,2,1
M3-test,16,col,Which master's programs require 39 credits?,Master of Communication Arts Program in Global Communication (International Program) and Master of Laws,bu-t0001,12,1,0.9167,0,193,1,0.9167,0,426,1,1.0,1,804,"Master of Communication Arts Program in Global Communication (International Program)  
Master of Laws",0
M3-test,17,col,"For foreign students, which master's programs do not offer a Plan B Non-Thesis option?","Master of Architecture, Master of Engineering in Electrical & Computer Engineering (International Program), and Master of Science Program in Information Technology and Data Science",bu-t0001,12,0,0.0,0,145,1,1.0,1,488,1,1.0,1,761,"Master of Laws (หลักสูตรนิติศาสตรมหาบัณฑิต)  
Master of Laws (Master of Laws)  
Master of Engineering in Electrical & Computer Engineering (International Program)  
Master of Architecture",0
M3-test,18,col,"For Thai students, which program has the highest Plan A Thesis fee?","Master of Engineering in Electrical & Computer Engineering at 360,180",bu-t0002,12,0,0.0,0,63,0,0.0,0,203,0,0.0,0,347,PhD Program,0
M3-test,19,col,"For Thai students, which program has the lowest Plan A Thesis fee?","Master of Communication Arts Program in Global Communication at 188,930",bu-t0002,12,0,0.0,0,63,0,0.0,0,203,0,0.0,0,347,Certificate,0
M3-test,20,col,"For Thai students, which programs require 39 credits?","Master of Communication Arts Program in Global Communication, Master of Laws",bu-t0002,12,0,0.0,0,72,0,0.0,0,210,0,0.0,0,302,None,0
M3-test,21,col,"For Thai students, which programs do not offer a Plan B Non-Thesis option?","Master of Architecture, Master of Engineering in Electrical & Computer Engineering, Master of Science in IT and Data Sciences",bu-t0002,12,0,0.0,0,72,0,0.0,0,205,0,0.0,0,347,Master’s & M.Phil,0
M3-test,22,cross,"For foreign students, what is the Plan A Thesis fee for the Master of Business Administration?",231030,bu-t0001,1,1,1.0,1,201,1,1.0,1,544,1,1.0,1,761,"231,030",1
M3-test,23,cross,"For foreign students, what is the Plan B Non-Thesis fee for the Master of Communication Arts (Strategic Brand and Communication Management)?",227230,bu-t0001,1,0,0.0,0,145,1,1.0,1,488,1,1.0,1,718,"227,230",1
M3-test,24,cross,"For foreign students, what is the Plan A Thesis fee for the Master of Engineering in Electrical & Computer Engineering?",370980,bu-t0001,1,0,0.0,0,177,1,1.0,1,450,1,1.0,1,579,"360,180",0
M3-test,25,cross,"For foreign students, how many credit for Master of Arts Program in Tourism and Hospitality Management Innovation (International Program)?",36,bu-t0001,1,0,1.0,1,177,1,1.0,1,523,1,1.0,1,850,36,1
M3-test,26,cross,"For foreign students, what is the Plan A Thesis fee for the Master of Business Administration in Innovation Management?",355030,bu-t0001,1,0,0.0,0,177,1,1.0,1,544,1,1.0,1,761,"342,430",0
M3-test,27,cross,"For foreign students, what is fees the Plan B Non-Thesis fee for the Master of Laws? ",224080,bu-t0001,1,0,0.0,0,145,1,1.0,1,383,1,1.0,1,628,"224,080",1
M3-test,28,cross,"For foreign students, how many credits does the Master of Communication Arts Program in Global Communication require?",39,bu-t0001,1,0,0.0,0,29,0,0.0,0,87,0,0.0,0,293,Answer: 21,0
M3-test,29,cross,"For foreign students, what is the Plan A Thesis fee for the Master of Arts Program in Data-Driven Marketing and Communications?",313330,bu-t0001,1,0,0.0,0,177,1,1.0,1,523,1,1.0,1,761,"313,330",1
M3-test,30,cross,"For foreign students, what is the Plan B Non-Thesis fee for the Master of Management Program in Entrepreneurship and Emerging Enterprises?",374530,bu-t0001,1,0,0.0,0,145,1,1.0,1,488,1,1.0,1,750,"361,930",0
M3-test,31,cross,"For foreign students, how many credits does the Master of Business Administration require?",42,bu-t0001,1,1,1.0,1,193,1,1.0,1,560,1,1.0,1,882,42,1
M3-test,32,cross,"For foreign students, what is the Plan A Thesis fee for the Master of Architecture?",217230,bu-t0001,1,1,1.0,1,201,1,1.0,1,450,1,1.0,1,684,"218,430",0
M3-test,33,cross,"For Thai students, what is the Plan A Thesis fee for the Master of Business Administration?",218430,bu-t0002,1,0,0.0,0,72,0,0.0,0,201,0,0.0,0,325,The provided context does not specify the Plan A Thesis fee for the Master of Business Administration.,0
M3-test,34,cross,"For Thai students, what is the Plan B Non-Thesis fee for the Master of Communication Arts (Strategic Brand and Communication Management)?",216430,bu-t0002,1,1,1.0,1,145,1,1.0,1,340,1,1.0,1,398,"227,230",0
M3-test,35,cross,"For Thai students, what is the Plan A Thesis fee for the Master of Engineering in Electrical & Computer Engineering?",360180,bu-t0002,1,0,0.0,0,72,0,0.0,0,203,0,0.0,0,338,The provided context does not specify the Plan A Thesis fee for the Master of Engineering in Electrical & Computer Engineering.,0
M3-test,36,cross,"For Thai students, what is the Plan A Thesis fee for the Master of Arts Program in Data-Driven Marketing and Communications?",302530,bu-t0002,1,0,0.0,0,72,1,1.0,1,312,1,1.0,1,581,"313,330",0
M3-test,37,cross,"For Thai students, what is the Plan B Non-Thesis fee for the Master of Management Program in Entrepreneurship and Emerging Enterprises?",361930,bu-t0002,1,0,0.0,0,68,0,0.0,0,201,1,1.0,1,512,"361,930",1
M3-test,38,multi_cross,"For foreign students under Plan A Thesis, which is more expensive, the Master of Business Administration in Innovation Management or the Master of Engineering in Electrical & Computer Engineering?",360180,bu-t0002,2,0,0.0,0,201,1,1.0,1,544,1,1.0,1,882,"370,980",0
M3-test,39,cross,"For Thai students, what is the Plan A Thesis fee for the Master of Business Administration in Innovation Management?",342430,bu-t0002,1,0,0.0,0,72,0,0.0,0,203,0,0.0,0,325,The provided context does not specify the Plan A Thesis fee for the Master of Business Administration in Innovation Management.,0
M3-test,40,cross,"For Thai students, how many credits does the Master of Laws require?",39,bu-t0002,1,0,0.0,0,72,0,0.0,0,210,0,0.0,0,313,48,0
M3-test,41,cross,"For Thai students, what is the Plan A Thesis fee for the Master of Science Program in Information Technology and Data Science?",209880,bu-t0002,1,0,0.0,0,72,0,0.0,0,203,0,0.0,0,334,"฿524,800",0
M3-test,42,cross,How many semesters and credits does the AIT Doctorate program require?,7 Semesters (84 credits) 42 Months,ait-t0001,1,1,1.0,1,70,1,1.0,1,205,1,1.0,1,237,"7 Semesters, 84 credits",0
M3-test,43,cross,What is the Registration Fee for the Doctorate program in AIT?,140000,ait-t0001,1,0,0.0,0,63,1,1.0,1,153,1,1.0,1,193,"฿140,000",1
M3-test,44,cross,What is the Tuition Fee for the Master's & M.Phil program? in AIT,768000,ait-t0001,1,1,1.0,1,72,1,1.0,1,341,1,1.0,1,579,"฿768,000",1
M3-test,45,cross,What is the Medical Insurance Fee for the Master (1 year) program in AIT?,2500,ait-t0001,1,1,1.0,1,68,1,1.0,1,201,1,1.0,1,336,"฿2,500",1
M3-test,46,cross,What is the Student Union Fee for the Certificate program in AIT?,150,ait-t0001,1,1,1.0,1,74,1,1.0,1,114,1,1.0,1,202,฿150,1
M3-test,47,cross,What is the Tuition Fee for the Master (1 year) program in AIT ?,480000,ait-t0001,1,1,1.0,1,68,1,1.0,1,149,1,1.0,1,189,"฿480,000",1
M3-test,48,cross,What is the Registration Fee for the Certificate program in AIT?,20000,ait-t0001,1,0,0.0,0,20,0,0.0,0,60,1,1.0,1,197,"฿20,000",1
M3-test,49,cross,What is the Language Support Fee for the Doctorate program in AIT?,2000,ait-t0001,1,0,1.0,1,63,1,1.0,1,153,1,1.0,1,193,"฿2,000",1
M3-test,50,cross,What is the Medical Insurance Fee for the Doctorate program in AIT?,8750,ait-t0001,1,1,1.0,1,70,1,1.0,1,205,1,1.0,1,245,"฿8,750",1
M3-test,51,cross,What is the Student Union Fee for the Master's & M.Phil program in AIT?,600,ait-t0001,1,1,1.0,1,72,1,1.0,1,201,1,1.0,1,325,฿600,1
M3-test,52,cross,What is the Total Fees for the Master (1 year) program in AIT?,524800,ait-t0001,1,1,1.0,1,68,1,1.0,1,190,1,1.0,1,287,"฿524,800",1
M3-test,53,cross,What is the Visa fee for the Doctorate program in AIT?,5700,ait-t0001,1,0,1.0,1,63,1,1.0,1,205,1,1.0,1,245,"฿5,700",1
M3-test,54,cross,What is the Tuition Fee for the Certificate program in AIT?,"48,000–192,000",ait-t0001,1,0,0.0,0,20,0,0.0,0,60,1,1.0,1,159,"฿48,000 – 192,000",1
M3-test,55,cross,What is the Medical Insurance Fee for a Master (1 year) program?,2500,ait-t0001,1,1,1.0,1,68,1,1.0,1,201,1,1.0,1,336,"฿2,500",1
M3-test,56,cross,"In the general faculties fee table, what are the Total Fees for a Master's & M.Phil program in AIT?",855600,ait-t0001,1,1,1.0,1,72,1,1.0,1,341,1,1.0,1,581,"฿855,600",1
M3-test,57,cross,"In the general faculties fee table, what are the Total Fees for a Master (1 year) program?",524800,ait-t0001,1,1,1.0,1,68,1,1.0,1,201,1,1.0,1,463,"฿524,800",1
M3-test,58,cross,"In the general faculties fee table, what are the Total Fees for a Certificate program?","69,400 – 213,400",ait-t0001,1,1,1.0,1,74,1,1.0,1,207,1,1.0,1,334,"฿69,400 – 213,400",1
M3-test,59,cross,"In the general faculties fee table, what is the Living/Accommodation/Miscellaneous expenses range for a Doctorate program?","483,000 – 630,000",ait-t0001,1,1,1.0,1,70,1,1.0,1,191,1,1.0,1,322,"฿483,000 – 630,000",1
M3-test,60,cross,"In the general faculties fee table, what is the Living/Accommodation/Miscellaneous expenses range for a Master's & M.Phil program?","253,000 – 330,000",ait-t0001,1,1,1.0,1,72,1,1.0,1,450,1,1.0,1,761,"฿253,000 – 330,000",1
M3-test,61,cross,"In the general faculties fee table, what is the Visa fee for a Master's & M.Phil program?",3800,ait-t0001,1,1,1.0,1,72,1,1.0,1,317,1,1.0,1,581,"฿80,000",0
M3-test,62,cross,What is the Tuition and Registration Fee for the DBA program?,1500000,ait-t0002,1,1,1.0,1,59,1,1.0,1,183,1,1.0,1,314,"฿1,500,000",1
M3-test,63,cross,What is the Medical fee for the MBA/MSc 1 year program?,2500,ait-t0002,1,1,1.0,1,61,1,1.0,1,190,1,1.0,1,321,"฿2,500",1
M3-test,64,cross,"In the School of Management fee table, what is the Tuition and Registration Fee for the PhD Program?","฿1,484,000",ait-t0002,1,1,1.0,1,63,1,1.0,1,205,1,1.0,1,583,"฿1,484,000",1
M3-test,65,cross,What is the Education visa fee for the MBA/MSc 2 year program?,3800,ait-t0002,1,1,1.0,1,61,1,1.0,1,190,1,1.0,1,428,"฿3,800",1
M3-test,66,cross,What is the Total Fees for the MBA/MSc 1 year program?,632700,ait-t0002,1,1,1.0,1,61,1,1.0,1,190,1,1.0,1,428,"฿632,700",1
M3-test,67,row,"In the general faculties fee table,which program has the lowest Registration Fee?","Certificate ฿20,000",ait-t0001,4,1,0.5,0,72,1,0.75,0,203,1,0.75,0,323,Master (1 year),0
M3-test,68,row,"In the general faculties fee table,which program has the highest Total Fees?","Doctorate ฿1,495,800",ait-t0001,4,0,0.0,0,63,1,0.25,0,164,1,0.25,0,222,PhD Program,0
M3-test,69,row,"In the general faculties fee table, which program has the highest Tuition Fee?","Doctorate ฿1,344,000",ait-t0001,4,0,0.0,0,63,1,0.25,0,164,1,0.25,0,222,PhD Program,0
M3-test,70,row,Which program has the lowest Total Fees?,"Certificate ฿69,400–213,400",ait-t0001,4,0,0.0,0,61,1,0.25,0,188,1,0.25,0,312,MBA / MSc Program 1 year,0
M3-test,71,row,"In the School of Management fee table, which program has the highest Tuition and Registration Fee?","DBA Program, at ฿1,500,000",ait-t0002,4,0,0.0,0,201,0,0.0,0,544,1,0.25,0,750,"361,930",0
M3-test,72,row,"In the School of Management fee table, which program has the lowest Tuition and Registration Fee?","MBA / MSc Program (1 year) ฿626,000",ait-t0002,4,0,0.0,0,166,1,0.25,0,372,1,0.25,0,750,"212,380",0
M3-test,73,row,"In the School of Management fee table, which program has the highest Total Fees?","DBA Program  ฿1,516,100",ait-t0002,4,0,0.0,0,201,0,0.0,0,544,1,0.25,0,750,"374,530",0
M3-test,74,row,"In the School of Management fee table, which program has the lowest Total Fees?","MBA / MSc Program (1 year), at ฿632,700",ait-t0002,4,0,0.0,0,166,0,0.0,0,512,1,0.25,0,750,"187,930",0
M3-test,75,row,"In the School of Management fee table, which program has the highest Medical fee?","PhD Program, at ฿8,750",ait-t0002,4,1,0.5,0,61,1,0.5,0,194,1,0.5,0,505,"฿2,500",0
M3-test,76,cross,"In the AIT living costs guide, what is the approximate monthly cost of dormitory accommodation (usually including bills)?","2,500 – 7,000 per month",ait-t0003,1,1,0.0,0,58,1,0.0,0,193,1,0.0,0,281,"฿2,500 – 7,000",0
M3-test,77,col,"In the B.A. MAGIC program, which semester has the highest tuition fee?","Second Year / First Semester, at 55,490 Baht",iis-t0001,6,1,0.1667,0,29,1,0.3333,0,85,1,0.6667,0,143,First Year / First Semester,0
M3-test,78,col,"In the B.A. MAGIC program, which semester(s) have the lowest tuition fee?","First Year / Second Semester and Third Year / Second Semester, both at 53,200 Baht",iis-t0001,6,1,0.1667,0,29,1,0.5,0,87,1,0.6667,0,143,First Year / Second Semester,0
M3-test,79,cross,How much is the tuition fee for the B.A. English program in the First Year / First Semester?,"61,090 Baht",iis-t0001,1,1,1.0,1,25,1,1.0,1,75,1,1.0,1,123,"61,090.-",0
M3-test,80,cross,How many credits does the B.A. English program have in the Second Year / First Semester?,21 credits,iis-t0001,1,1,1.0,1,25,1,1.0,1,75,1,1.0,1,125,21,0
M3-test,81,cross,How much is the tuition fee for B.A. MAGIC in the Second Year / First Semester?,"55,490 Baht",iis-t0001,1,1,1.0,1,29,1,1.0,1,87,1,1.0,1,145,"55,490.-",0
M3-test,82,cross,How many courses does the Bachelor of Business Administration Program in Global Business and Digital Communication have in the First Year / First Semester?,6 courses,iis-t0001,1,1,1.0,1,28,1,1.0,1,84,1,1.0,1,138,6,0
M3-test,83,cross,What is the total tuition fee for the B.A. English program across all 6 semesters?,"325,670 Baht",iis-t0001,1,1,1.0,1,23,1,1.0,1,73,1,1.0,1,123,"325,670.-",0
M3-test,84,cross,What is the total number of credits for the B.A. MAGIC program?,123 credits,iis-t0001,1,1,1.0,1,27,1,1.0,1,85,1,1.0,1,143,123,0
M3-test,85,cross,What is the total tuition fee for the Bachelor of Business Administration Program in Global Business and Digital Communication?,"323,670 Baht",iis-t0001,1,1,1.0,1,26,1,1.0,1,82,1,1.0,1,138,"323,670.-",0
M3-test,86,cross,How much is the tuition fee for B.A. MAGIC in the Third Year / Second Semester?,"53,200 Baht",iis-t0001,1,1,1.0,1,29,1,1.0,1,87,1,1.0,1,145,"53,200.-",0
M3-test,87,cross,How many courses does the B.A. English program have in the Third Year / First Semester?,7 courses,iis-t0001,1,1,1.0,1,25,1,1.0,1,75,1,1.0,1,123,7,0
M3-test,88,cross,How much is the tuition fee for Bachelor of Business Administration Program in Global Business and Digital Communication in the Second Year / First Semester?,54490,iis-t0001,1,1,1.0,1,28,1,1.0,1,84,1,1.0,1,140,"54,490.-",1
