source,text,question,answer,batch_index
https://ait.ac.th/admissions/,"Admissions AIT welcomes talented, high-achieving students who contribute a wide diversity of views, experiences and perspectives. In this section Admissions Eligibility Financial aid Tuition and fees Student housing Apply online Frequently Asked Questions Join us at AIT We want to get to know you through your application, to hear your voice and explore your potential. We hope you get to know yourself better through the application process, too. Across each and every program, we actively seek students from a wide variety of backgrounds. We value the exceptional academic talent, intellectual curiosity, individual perspectives, creativity, and other defining attributes that each student uniquely contributes to our community.",N/A,Could not parse response,0
https://ait.ac.th/admissions/,"Programs AIT provides students with distinctive opportunities to undertake their studies in rigorous and challenging ways. Each programs requires its own application for participation. Deadlines and notifications The AIT academic year consists of two semesters: January and August. The deadlines of applications for admissions and financial aid (Scholarships) are as follows: January Semester/Term Intake: • 20 December is the deadline for overseas applicants, requiring educational visa March Term Intake (only for Faculty of Business Management) • 15 February is the deadline for overseas applicants, requiring educational visa • 25 February is for other applicants June Term Intake (only for Faculty of Business Management) • 15 May is the deadline for overseas applicants, requiring educational visa • 25 May is for other applicants August Semester/Term Intake: January Intake • 28 February is the deadline for HM King’s and Queen’s, and GMS scholarships • 31 March is the deadline for other Scholarships (i.e. ADB-JSP, Bangchak: Master and Doctoral and others. • 10 June is the deadline for AIT Scholarships including RTG Fellowships. • 30 June is the deadline for overseas applicants, requiring educational visa • 25 July is for other applicants October Term Intake (only for Faculty of Business Management) • 15 September is the deadline for overseas applicants, requiring educational visa • 25 September is for other applicants Further Inquiries For further inquiries on AIT Admissions Requirements and Procedures. You may also contact the following address: Admissions and Scholarships Unit Asian Institute of Technology P.O.","What are the two semesters offered by AIT?  
","January and August.  

",1
https://ait.ac.th/admissions/,"Programs AIT provides students with distinctive opportunities to undertake their studies in rigorous and challenging ways. Each programs requires its own application for participation. Deadlines and notifications The AIT academic year consists of two semesters: January and August. The deadlines of applications for admissions and financial aid (Scholarships) are as follows: January Semester/Term Intake: • 20 December is the deadline for overseas applicants, requiring educational visa March Term Intake (only for Faculty of Business Management) • 15 February is the deadline for overseas applicants, requiring educational visa • 25 February is for other applicants June Term Intake (only for Faculty of Business Management) • 15 May is the deadline for overseas applicants, requiring educational visa • 25 May is for other applicants August Semester/Term Intake: January Intake • 28 February is the deadline for HM King’s and Queen’s, and GMS scholarships • 31 March is the deadline for other Scholarships (i.e. ADB-JSP, Bangchak: Master and Doctoral and others. • 10 June is the deadline for AIT Scholarships including RTG Fellowships. • 30 June is the deadline for overseas applicants, requiring educational visa • 25 July is for other applicants October Term Intake (only for Faculty of Business Management) • 15 September is the deadline for overseas applicants, requiring educational visa • 25 September is for other applicants Further Inquiries For further inquiries on AIT Admissions Requirements and Procedures. You may also contact the following address: Admissions and Scholarships Unit Asian Institute of Technology P.O.","What is the deadline for overseas applicants for the January Semester/Term Intake?  
","20 December.  

",1
https://ait.ac.th/admissions/,"Programs AIT provides students with distinctive opportunities to undertake their studies in rigorous and challenging ways. Each programs requires its own application for participation. Deadlines and notifications The AIT academic year consists of two semesters: January and August. The deadlines of applications for admissions and financial aid (Scholarships) are as follows: January Semester/Term Intake: • 20 December is the deadline for overseas applicants, requiring educational visa March Term Intake (only for Faculty of Business Management) • 15 February is the deadline for overseas applicants, requiring educational visa • 25 February is for other applicants June Term Intake (only for Faculty of Business Management) • 15 May is the deadline for overseas applicants, requiring educational visa • 25 May is for other applicants August Semester/Term Intake: January Intake • 28 February is the deadline for HM King’s and Queen’s, and GMS scholarships • 31 March is the deadline for other Scholarships (i.e. ADB-JSP, Bangchak: Master and Doctoral and others. • 10 June is the deadline for AIT Scholarships including RTG Fellowships. • 30 June is the deadline for overseas applicants, requiring educational visa • 25 July is for other applicants October Term Intake (only for Faculty of Business Management) • 15 September is the deadline for overseas applicants, requiring educational visa • 25 September is for other applicants Further Inquiries For further inquiries on AIT Admissions Requirements and Procedures. You may also contact the following address: Admissions and Scholarships Unit Asian Institute of Technology P.O.","What is the deadline for overseas applicants for the March Term Intake (Faculty of Business Management)?  
","15 February.  

",1
https://ait.ac.th/admissions/,"Programs AIT provides students with distinctive opportunities to undertake their studies in rigorous and challenging ways. Each programs requires its own application for participation. Deadlines and notifications The AIT academic year consists of two semesters: January and August. The deadlines of applications for admissions and financial aid (Scholarships) are as follows: January Semester/Term Intake: • 20 December is the deadline for overseas applicants, requiring educational visa March Term Intake (only for Faculty of Business Management) • 15 February is the deadline for overseas applicants, requiring educational visa • 25 February is for other applicants June Term Intake (only for Faculty of Business Management) • 15 May is the deadline for overseas applicants, requiring educational visa • 25 May is for other applicants August Semester/Term Intake: January Intake • 28 February is the deadline for HM King’s and Queen’s, and GMS scholarships • 31 March is the deadline for other Scholarships (i.e. ADB-JSP, Bangchak: Master and Doctoral and others. • 10 June is the deadline for AIT Scholarships including RTG Fellowships. • 30 June is the deadline for overseas applicants, requiring educational visa • 25 July is for other applicants October Term Intake (only for Faculty of Business Management) • 15 September is the deadline for overseas applicants, requiring educational visa • 25 September is for other applicants Further Inquiries For further inquiries on AIT Admissions Requirements and Procedures. You may also contact the following address: Admissions and Scholarships Unit Asian Institute of Technology P.O.","What is the deadline for overseas applicants for the June Term Intake (Faculty of Business Management)?  
","15 May.  

",1
https://ait.ac.th/admissions/,"Programs AIT provides students with distinctive opportunities to undertake their studies in rigorous and challenging ways. Each programs requires its own application for participation. Deadlines and notifications The AIT academic year consists of two semesters: January and August. The deadlines of applications for admissions and financial aid (Scholarships) are as follows: January Semester/Term Intake: • 20 December is the deadline for overseas applicants, requiring educational visa March Term Intake (only for Faculty of Business Management) • 15 February is the deadline for overseas applicants, requiring educational visa • 25 February is for other applicants June Term Intake (only for Faculty of Business Management) • 15 May is the deadline for overseas applicants, requiring educational visa • 25 May is for other applicants August Semester/Term Intake: January Intake • 28 February is the deadline for HM King’s and Queen’s, and GMS scholarships • 31 March is the deadline for other Scholarships (i.e. ADB-JSP, Bangchak: Master and Doctoral and others. • 10 June is the deadline for AIT Scholarships including RTG Fellowships. • 30 June is the deadline for overseas applicants, requiring educational visa • 25 July is for other applicants October Term Intake (only for Faculty of Business Management) • 15 September is the deadline for overseas applicants, requiring educational visa • 25 September is for other applicants Further Inquiries For further inquiries on AIT Admissions Requirements and Procedures. You may also contact the following address: Admissions and Scholarships Unit Asian Institute of Technology P.O.","What is the deadline for HM King’s and Queen’s, and GMS scholarships for the January Intake under August Semester/Term Intake?  
","28 February.  

",1
https://ait.ac.th/admissions/,"Programs AIT provides students with distinctive opportunities to undertake their studies in rigorous and challenging ways. Each programs requires its own application for participation. Deadlines and notifications The AIT academic year consists of two semesters: January and August. The deadlines of applications for admissions and financial aid (Scholarships) are as follows: January Semester/Term Intake: • 20 December is the deadline for overseas applicants, requiring educational visa March Term Intake (only for Faculty of Business Management) • 15 February is the deadline for overseas applicants, requiring educational visa • 25 February is for other applicants June Term Intake (only for Faculty of Business Management) • 15 May is the deadline for overseas applicants, requiring educational visa • 25 May is for other applicants August Semester/Term Intake: January Intake • 28 February is the deadline for HM King’s and Queen’s, and GMS scholarships • 31 March is the deadline for other Scholarships (i.e. ADB-JSP, Bangchak: Master and Doctoral and others. • 10 June is the deadline for AIT Scholarships including RTG Fellowships. • 30 June is the deadline for overseas applicants, requiring educational visa • 25 July is for other applicants October Term Intake (only for Faculty of Business Management) • 15 September is the deadline for overseas applicants, requiring educational visa • 25 September is for other applicants Further Inquiries For further inquiries on AIT Admissions Requirements and Procedures. You may also contact the following address: Admissions and Scholarships Unit Asian Institute of Technology P.O.","What is the deadline for other scholarships (e.g., ADB-JSP, Bangchak) for the January Intake under August Semester/Term Intake?  
","31 March.  

",1
https://ait.ac.th/admissions/,"Programs AIT provides students with distinctive opportunities to undertake their studies in rigorous and challenging ways. Each programs requires its own application for participation. Deadlines and notifications The AIT academic year consists of two semesters: January and August. The deadlines of applications for admissions and financial aid (Scholarships) are as follows: January Semester/Term Intake: • 20 December is the deadline for overseas applicants, requiring educational visa March Term Intake (only for Faculty of Business Management) • 15 February is the deadline for overseas applicants, requiring educational visa • 25 February is for other applicants June Term Intake (only for Faculty of Business Management) • 15 May is the deadline for overseas applicants, requiring educational visa • 25 May is for other applicants August Semester/Term Intake: January Intake • 28 February is the deadline for HM King’s and Queen’s, and GMS scholarships • 31 March is the deadline for other Scholarships (i.e. ADB-JSP, Bangchak: Master and Doctoral and others. • 10 June is the deadline for AIT Scholarships including RTG Fellowships. • 30 June is the deadline for overseas applicants, requiring educational visa • 25 July is for other applicants October Term Intake (only for Faculty of Business Management) • 15 September is the deadline for overseas applicants, requiring educational visa • 25 September is for other applicants Further Inquiries For further inquiries on AIT Admissions Requirements and Procedures. You may also contact the following address: Admissions and Scholarships Unit Asian Institute of Technology P.O.","What is the deadline for AIT Scholarships including RTG Fellowships for the January Intake under August Semester/Term Intake?  
","10 June.  

",1
https://ait.ac.th/admissions/,"Programs AIT provides students with distinctive opportunities to undertake their studies in rigorous and challenging ways. Each programs requires its own application for participation. Deadlines and notifications The AIT academic year consists of two semesters: January and August. The deadlines of applications for admissions and financial aid (Scholarships) are as follows: January Semester/Term Intake: • 20 December is the deadline for overseas applicants, requiring educational visa March Term Intake (only for Faculty of Business Management) • 15 February is the deadline for overseas applicants, requiring educational visa • 25 February is for other applicants June Term Intake (only for Faculty of Business Management) • 15 May is the deadline for overseas applicants, requiring educational visa • 25 May is for other applicants August Semester/Term Intake: January Intake • 28 February is the deadline for HM King’s and Queen’s, and GMS scholarships • 31 March is the deadline for other Scholarships (i.e. ADB-JSP, Bangchak: Master and Doctoral and others. • 10 June is the deadline for AIT Scholarships including RTG Fellowships. • 30 June is the deadline for overseas applicants, requiring educational visa • 25 July is for other applicants October Term Intake (only for Faculty of Business Management) • 15 September is the deadline for overseas applicants, requiring educational visa • 25 September is for other applicants Further Inquiries For further inquiries on AIT Admissions Requirements and Procedures. You may also contact the following address: Admissions and Scholarships Unit Asian Institute of Technology P.O.","What is the deadline for overseas applicants for the August Semester/Term Intake (January Intake)?  
","30 June.  

",1
https://ait.ac.th/admissions/,"Programs AIT provides students with distinctive opportunities to undertake their studies in rigorous and challenging ways. Each programs requires its own application for participation. Deadlines and notifications The AIT academic year consists of two semesters: January and August. The deadlines of applications for admissions and financial aid (Scholarships) are as follows: January Semester/Term Intake: • 20 December is the deadline for overseas applicants, requiring educational visa March Term Intake (only for Faculty of Business Management) • 15 February is the deadline for overseas applicants, requiring educational visa • 25 February is for other applicants June Term Intake (only for Faculty of Business Management) • 15 May is the deadline for overseas applicants, requiring educational visa • 25 May is for other applicants August Semester/Term Intake: January Intake • 28 February is the deadline for HM King’s and Queen’s, and GMS scholarships • 31 March is the deadline for other Scholarships (i.e. ADB-JSP, Bangchak: Master and Doctoral and others. • 10 June is the deadline for AIT Scholarships including RTG Fellowships. • 30 June is the deadline for overseas applicants, requiring educational visa • 25 July is for other applicants October Term Intake (only for Faculty of Business Management) • 15 September is the deadline for overseas applicants, requiring educational visa • 25 September is for other applicants Further Inquiries For further inquiries on AIT Admissions Requirements and Procedures. You may also contact the following address: Admissions and Scholarships Unit Asian Institute of Technology P.O.","What is the deadline for other applicants for the August Semester/Term Intake (January Intake)?  
","25 July.  

",1
https://ait.ac.th/admissions/,"Programs AIT provides students with distinctive opportunities to undertake their studies in rigorous and challenging ways. Each programs requires its own application for participation. Deadlines and notifications The AIT academic year consists of two semesters: January and August. The deadlines of applications for admissions and financial aid (Scholarships) are as follows: January Semester/Term Intake: • 20 December is the deadline for overseas applicants, requiring educational visa March Term Intake (only for Faculty of Business Management) • 15 February is the deadline for overseas applicants, requiring educational visa • 25 February is for other applicants June Term Intake (only for Faculty of Business Management) • 15 May is the deadline for overseas applicants, requiring educational visa • 25 May is for other applicants August Semester/Term Intake: January Intake • 28 February is the deadline for HM King’s and Queen’s, and GMS scholarships • 31 March is the deadline for other Scholarships (i.e. ADB-JSP, Bangchak: Master and Doctoral and others. • 10 June is the deadline for AIT Scholarships including RTG Fellowships. • 30 June is the deadline for overseas applicants, requiring educational visa • 25 July is for other applicants October Term Intake (only for Faculty of Business Management) • 15 September is the deadline for overseas applicants, requiring educational visa • 25 September is for other applicants Further Inquiries For further inquiries on AIT Admissions Requirements and Procedures. You may also contact the following address: Admissions and Scholarships Unit Asian Institute of Technology P.O.","What is the deadline for overseas applicants for the October Term Intake (Faculty of Business Management)?  
","15 September.  

---  
These answers are directly derived from the text, ensuring factual accuracy.",1
https://ait.ac.th/admissions/,"Box 4, KlongLuang Pathumthani 12120 THAILAND (662) 524 5024, 31-33 admissions@ait.ac.th APPLY ONLINE Apply Admissions Eligibility Financial aid Tuition and fees Student housing Apply online Frequently Asked Questions","What is the address of the admissions office at AIT?  
","Box 4, KlongLuang Pathumthani 12120 THAILAND.  

",2
https://ait.ac.th/admissions/,"Box 4, KlongLuang Pathumthani 12120 THAILAND (662) 524 5024, 31-33 admissions@ait.ac.th APPLY ONLINE Apply Admissions Eligibility Financial aid Tuition and fees Student housing Apply online Frequently Asked Questions","What is the phone number for admissions inquiries at AIT?  
","(662) 524 5024.  

",2
https://ait.ac.th/admissions/,"Box 4, KlongLuang Pathumthani 12120 THAILAND (662) 524 5024, 31-33 admissions@ait.ac.th APPLY ONLINE Apply Admissions Eligibility Financial aid Tuition and fees Student housing Apply online Frequently Asked Questions","What is the email address for admissions at AIT?  
","admissions@ait.ac.th.  

",2
https://ait.ac.th/admissions/,"Box 4, KlongLuang Pathumthani 12120 THAILAND (662) 524 5024, 31-33 admissions@ait.ac.th APPLY ONLINE Apply Admissions Eligibility Financial aid Tuition and fees Student housing Apply online Frequently Asked Questions","How can prospective students apply for admission at AIT?  
","Apply online through the official AIT website.  

",2
https://ait.ac.th/admissions/,"Box 4, KlongLuang Pathumthani 12120 THAILAND (662) 524 5024, 31-33 admissions@ait.ac.th APPLY ONLINE Apply Admissions Eligibility Financial aid Tuition and fees Student housing Apply online Frequently Asked Questions","Where can applicants find information about eligibility requirements?  
","The ""Eligibility"" section on the AIT admissions page.  

",2
https://ait.ac.th/admissions/,"Box 4, KlongLuang Pathumthani 12120 THAILAND (662) 524 5024, 31-33 admissions@ait.ac.th APPLY ONLINE Apply Admissions Eligibility Financial aid Tuition and fees Student housing Apply online Frequently Asked Questions","What sections are available under the admissions process?  
","Admissions, Eligibility, Financial aid, Tuition and fees, Student housing, Apply online, and Frequently Asked Questions.  

",2
https://ait.ac.th/admissions/,"Box 4, KlongLuang Pathumthani 12120 THAILAND (662) 524 5024, 31-33 admissions@ait.ac.th APPLY ONLINE Apply Admissions Eligibility Financial aid Tuition and fees Student housing Apply online Frequently Asked Questions","Where can students find details about financial aid opportunities?  
","The ""Financial aid"" section on the AIT admissions page.  

",2
https://ait.ac.th/admissions/,"Box 4, KlongLuang Pathumthani 12120 THAILAND (662) 524 5024, 31-33 admissions@ait.ac.th APPLY ONLINE Apply Admissions Eligibility Financial aid Tuition and fees Student housing Apply online Frequently Asked Questions","What information is provided about tuition and fees?  
","Details about tuition and fees are available in the ""Tuition and fees"" section.  

",2
https://ait.ac.th/admissions/,"Box 4, KlongLuang Pathumthani 12120 THAILAND (662) 524 5024, 31-33 admissions@ait.ac.th APPLY ONLINE Apply Admissions Eligibility Financial aid Tuition and fees Student housing Apply online Frequently Asked Questions","Where can applicants learn about student housing options?  
","The ""Student housing"" section on the AIT admissions page.  

",2
https://ait.ac.th/admissions/,"Box 4, KlongLuang Pathumthani 12120 THAILAND (662) 524 5024, 31-33 admissions@ait.ac.th APPLY ONLINE Apply Admissions Eligibility Financial aid Tuition and fees Student housing Apply online Frequently Asked Questions","Where can applicants find answers to common questions about admissions?  
","The ""Frequently Asked Questions"" section on the AIT admissions page.",2
