Link,Category,Sub-Pages,
https://www.ait.ac.th/about/,Category A: Institutional Overview,,done
https://ait.ac.th/about/rankings/,Category A: Institutional Overview,,done
https://ait.ac.th/about/leadership/,Category A: Institutional Overview,,
https://ait.ac.th/about/meet-our-faculty/,Category A: Institutional Overview,,
https://ait.ac.th/academics/programs/ ,Category B: Academic Programs,24- pages for each program,
https://ait.ac.th/program/food-innovation-bioprocessing-nutrition-and-health-fibnh/2026-01-22T14:53:28+07:00,,,
https://ait.ac.th/program/natural-resources-management/2026-01-22T14:52:45+07:00,,,
https://ait.ac.th/program/disaster-preparedness-mitigation-and-management/2026-01-22T10:33:56+07:00,,,
https://ait.ac.th/program/doctorate-of-business-administration-dba/2026-01-22T09:24:53+07:00,,,
https://ait.ac.th/program/food-innovation-nutrition-and-health-finh/2026-01-19T16:44:20+07:00,,,
https://ait.ac.th/program/aquaculture-and-aquatic-resources-management/2026-01-19T16:15:09+07:00,,,
https://ait.ac.th/program/agricultural-systems-engineering-and-agribusiness-asea/2026-01-19T15:44:39+07:00,,,
https://ait.ac.th/program/food-engineering-and-bioprocess-technology/2026-01-19T15:41:18+07:00,,,
https://ait.ac.th/program/computer-science-and-communication-technology-csct/2026-01-19T14:01:22+07:00,,,
https://ait.ac.th/program/computer-science-and-software-engineering-csse/2026-01-16T15:36:28+07:00,,,
https://ait.ac.th/program/data-science-and-ai/2026-01-16T15:34:53+07:00,,,
https://ait.ac.th/program/digital-technology-and-enterprise-information-management-dteim/2026-01-16T15:11:08+07:00,,,
https://ait.ac.th/program/artificial-intelligence-of-things-and-signal-processing-aiot/2026-01-16T15:08:49+07:00,,,
https://ait.ac.th/program/smart-networks-and-communications-engineering-snce/2026-01-16T15:03:58+07:00,,,
https://ait.ac.th/program/development-innovation-and-sustainability-dis/2026-01-14T14:43:27+07:00,,,
https://ait.ac.th/program/sustainable-energy-transition/2026-01-12T15:21:42+07:00,,,
https://ait.ac.th/program/geotechnical-and-earth-resources-engineering-gte/2026-01-12T15:07:08+07:00,,,
https://ait.ac.th/program/structural-engineering-ste/2026-01-12T14:12:04+07:00,,,
https://ait.ac.th/program/transportation-engineering-tre/2026-01-12T14:11:52+07:00,,,
https://ait.ac.th/program/construction-engineering-and-infrastructure-management-ceim/2026-01-12T14:09:35+07:00,,,
https://ait.ac.th/program/water-engineering-and-management-wem/2026-01-12T11:52:17+07:00,,,
https://ait.ac.th/program/environmental-engineering-and-management/2026-01-12T11:33:37+07:00,,,
https://ait.ac.th/program/semiconductor-engineering-sce/2026-01-09T15:34:12+07:00,,,
https://ait.ac.th/program/nanosystems-engineering-nse/2026-01-09T15:33:47+07:00,,,
https://ait.ac.th/program/industrial-and-manufacturing-engineering-ime/2026-01-09T15:33:32+07:00,,,
https://ait.ac.th/program/mechatronics-and-machine-intelligence-mmi/2026-01-09T15:33:17+07:00,,,
https://ait.ac.th/program/industrial-systems-engineering-ise/2026-01-09T15:30:42+07:00,,,
https://ait.ac.th/program/biomedical-engineering-bme/2026-01-09T15:21:39+07:00,,,
https://ait.ac.th/program/remote-sensing-and-geographic-information-systems-rs-gis/2026-01-09T14:15:27+07:00,,,
https://ait.ac.th/program/gender-and-development-studies/2026-01-08T14:31:20+07:00,,,
https://ait.ac.th/program/urban-innovation-and-sustainability/2026-01-05T19:38:14+07:00,,,
https://ait.ac.th/program/development-planning-management-and-innovation/2026-01-05T19:32:25+07:00,,,
https://ait.ac.th/program/development-and-sustainability/2026-01-05T19:31:41+07:00,,,
https://ait.ac.th/program/climate-change-and-sustainable-development-ccsd/2026-01-05T19:31:02+07:00,,,
https://ait.ac.th/program/agricultural-systems-and-engineering/2026-01-05T19:29:53+07:00,,,
https://ait.ac.th/program/agri-business-management/2026-01-05T19:29:23+07:00,,,
https://ait.ac.th/program/professional-masters-programme-in-data-science-and-ai-applications-ait-unitar-pmds/2025-10-06T12:34:10+07:00,,,
https://ait.ac.th/program/dual-degree-masters-program-in-semiconductor-engineering-with-the-national-taipei-university-of-technology-taipei-tech-taiwan/2025-07-11T14:32:34+07:00,,,
https://ait.ac.th/program/information-communication-technologies/2025-03-24T10:07:43+07:00,,,
https://ait.ac.th/program/internet-of-things-iot-systems-engineering/2025-03-24T10:06:57+07:00,,,
https://ait.ac.th/program/telecommunications-tc/2025-03-24T10:05:07+07:00,,,
https://ait.ac.th/program/masters-of-business-administration-mba/2025-02-25T18:25:35+07:00,,,
https://ait.ac.th/program/masters-in-international-finance-m-msc-if/2025-02-25T13:26:19+07:00,,,
https://ait.ac.th/program/doctor-of-philosophy-ph-d-in-management/2025-02-25T13:24:40+07:00,,,
https://ait.ac.th/program/ypm-sbe/2025-01-15T15:10:50+07:00,,,
https://ait.ac.th/program/professional-master-in-environment-social-and-governance-esg/2024-05-30T04:18:20+07:00,,,
https://ait.ac.th/program/information-management/2024-05-09T09:50:26+07:00,,,
https://ait.ac.th/program/professional-masters-program-in-data-science-pmds/2024-04-09T07:24:11+07:00,,,
https://ait.ac.th/program/dual-degree-masters-program-in-data-science-and-ai-with-brunel-university-london/2024-01-30T06:34:42+07:00,,,
https://ait.ac.th/program/professional-master-in-geotechnical-engineering-and-management-pme-gem/2024-01-19T03:52:55+07:00,,,
https://ait.ac.th/program/professional-master-in-banking-and-finance/2024-01-19T03:30:59+07:00,,,
https://ait.ac.th/program/masters-in-business-analytics-digital-transformation/2024-01-18T08:27:18+07:00,,,
https://ait.ac.th/program/engineering-entrepreneurship/2024-01-17T16:01:28+07:00,,,
https://ait.ac.th/program/professional-master-in-project-management-mpm/2023-07-06T16:39:03+07:00,,,
https://ait.ac.th/program/university-of-nice-sophia-antipolis-france/2023-06-16T07:57:30+07:00,,,
https://ait.ac.th/program/professional-master-degree-in-structural-design-of-tall-buildings/2023-06-08T04:22:14+07:00,,,
https://ait.ac.th/program/dual-degree-masters-program-in-water-engineering-and-management-with-colorado-state-university/2023-01-09T01:58:28+07:00,,,
https://ait.ac.th/program/dual-degree-program-with-university-of-wollongong-australia/2022-09-23T02:41:18+07:00,,,
https://ait.ac.th/program/dual-degree-masters-program-with-telecom-sud-paris/2022-09-23T02:25:10+07:00,,,
https://ait.ac.th/program/dual-degree-masters-program-in-water-engineering-and-management-with-the-university-of-iowa/2022-09-20T01:36:40+07:00,,,
https://ait.ac.th/program/dual-degree-masters-program-in-geotechnical-and-earth-resources-engineering-with-colorado-state-university/2022-09-18T03:50:12+07:00,,,
https://ait.ac.th/academics/study-options/,Category B: Academic Programs,,
https://ait.ac.th/study/flexible-phd-option/2026-01-15T11:00:51+07:00,,,
https://ait.ac.th/study/one-year-masters-degree-program/2026-01-15T10:52:13+07:00,,,
https://ait.ac.th/study/certificate-programs/2026-01-15T10:22:07+07:00,,,
https://ait.ac.th/study/professional-masters-programs/2026-01-15T10:21:18+07:00,,,
https://ait.ac.th/study/flexible-masters-option/2026-01-15T10:18:56+07:00,,,
https://ait.ac.th/study/dual-degree-programs/2026-01-06T17:29:16+07:00,,,
https://ait.ac.th/study/doctoral-degree-programs/2026-01-06T13:36:44+07:00,,,
https://ait.ac.th/study/masters-degree-programs/2026-01-06T11:24:37+07:00,,,
https://ait.ac.th/study/unified-degree-programs/2024-11-26T13:29:55+07:00,,,
https://ait.ac.th/study/minor-in-entrepreneurship/2023-08-30T08:07:54+07:00,,,
https://ait.ac.th/study/joint-degree-programs/2023-06-07T01:44:41+07:00,,,
https://ait.ac.th/study/open-master-of-engineering-science-in-interdisciplinary-studies-omis/2021-12-24T11:20:23+07:00,,,
https://ait.ac.th/study/erasmus-programs/2021-12-10T08:47:02+07:00,,,
https://ait.ac.th/academics/student-opportunities/,Category B: Academic Programs,,
https://ait.ac.th/admissions/,Category C: Admissions & Applications,,
https://ait.ac.th/eligibility/,Category C: Admissions & Applications,,
https://ait.ac.th/eligibility/masters-degree-program/,Category C: Admissions & Applications,,
https://ait.ac.th/eligibility/doctoral-degree-program/,Category C: Admissions & Applications,,
https://ait.ac.th/eligibility/certificate-and-special-program/,Category C: Admissions & Applications,,
https://ait.ac.th/eligibility/fellows-of-ait/,Category C: Admissions & Applications,,
https://ait.ac.th/eligibility/english-proficiency-requirement-for-admission/,Category C: Admissions & Applications,,
https://ait.ac.th/special-students-exchange-and-visiting-students/,Category C: Admissions & Applications,,
https://admission.ait.ac.th/aoas/Applicant/FirstPage.aspx,Category C: Admissions & Applications,,
https://ait.ac.th/tuition-and-fees/,Category C: Admissions & Applications,,
https://ait.ac.th/apply-online/,Category C: Admissions & Applications,,
https://ait.ac.th/financial-aid/,Category D: Scholarships & Financial Support,,
https://ait.ac.th/financial/daad-scholarship/2026-01-21T11:07:32+07:00,,,
https://ait.ac.th/financial/asian-development-bank-japan-scholarship-program-adb-jsp/2026-01-20T10:25:15+07:00,,,
https://ait.ac.th/financial/rtg-fellowships-ph-d-to-support-the-asian-innovation-hub/2026-01-09T12:17:40+07:00,,,
https://ait.ac.th/financial/royal-thai-government-scholarships/2026-01-09T12:16:38+07:00,,,
https://ait.ac.th/financial/rtg-fellowships/2025-11-24T15:09:56+07:00,,,
https://ait.ac.th/financial/gwsc-scholarships-to-study-masters-degree-in-asian-institute-of-technology/2025-11-24T08:56:58+07:00,,,
https://ait.ac.th/financial/chinese-government-scholarships/2025-11-24T08:50:31+07:00,,,
https://ait.ac.th/financial/element-solutions-foundation-scholarships-january-2026-intake/2025-11-04T14:21:11+07:00,,,
https://ait.ac.th/financial/lpdp-scholarships-indonesia-government-scholarships-for-indonesian/2025-10-03T17:00:57+07:00,,,
https://ait.ac.th/financial/ait-scholarships/2025-10-02T09:56:05+07:00,,,
https://ait.ac.th/financial/alumni-scholarship-fund/2025-10-02T09:32:24+07:00,,,
https://ait.ac.th/financial/ait-alumni-association-hong-kong-macau-chapter-masters-scholarship/2025-10-02T09:31:07+07:00,,,
https://ait.ac.th/financial/ais-scholarship/2025-10-02T09:29:17+07:00,,,
https://ait.ac.th/financial/prof-emeritus-madan-mohan-das-memorial-scholarship/2025-10-02T09:27:04+07:00,,,
https://ait.ac.th/financial/mitani-trading-thailand-co-ltd-masters-scholarship-with-job-offer/2025-10-02T09:25:49+07:00,,,
https://ait.ac.th/financial/kpcip-scholarships-2025/2025-10-02T09:22:11+07:00,,,
https://ait.ac.th/financial/computer-and-structures-inc-scholarship/2025-02-03T10:42:05+07:00,,,
https://ait.ac.th/financial/japanese-government-scholarships/,,,
https://ait.ac.th/student-housing/,Category E: Campus Life & Student Services,,
https://ait.ac.th/housing/ ,Category E: Campus Life & Student Services,,
https://ait.ac.th/housing/student-village-married-without-ac/2023-03-13T04:06:27+07:00,,,
https://ait.ac.th/housing/student-village-married-with-ac-copy/2023-03-13T04:04:27+07:00,,,
https://ait.ac.th/housing/student-village-married-with-ac/2023-03-13T04:01:04+07:00,,,
https://ait.ac.th/housing/student-village-single-without-ac/2023-03-13T03:50:26+07:00,,,
https://ait.ac.th/housing/student-village/2023-03-10T05:05:23+07:00,,,
https://ait.ac.th/housing/dorm-p/2023-03-10T04:30:59+07:00,,,
https://ait.ac.th/housing/cat-4/2023-03-10T03:48:09+07:00,,,
https://ait.ac.th/housing/cat-3/2023-03-10T03:28:14+07:00,,,
https://ait.ac.th/housing/cat-2/2023-03-10T03:04:49+07:00,,,
https://ait.ac.th/housing/cat-1-without-ac/2023-03-10T02:57:32+07:00,,,
https://ait.ac.th/housing/cat-1-with-ac/,,,
https://ait.ac.th/dining/,Category E: Campus Life & Student Services,,
https://ait.ac.th/health-wellness/,Category E: Campus Life & Student Services,,
https://ofam.ait.ac.th/asset-management/accommodation-office/,Category E: Campus Life & Student Services,,
https://ofam.ait.ac.th/ait-sport-facilities/,Category E: Campus Life & Student Services,,
https://ofam.ait.ac.th/campus-maintenance/security/,Category F: Contact Information,,
https://ofam.ait.ac.th/campus-services/call-center/,Category F: Contact Information,,
http://aitcc.ait.ac.th/standard-rates/,Category G: AIT conference center,,
http://aitcc.ait.ac.th/contact-us/,Category G: AIT conference center,,
http://aitcc.ait.ac.th/facilities/,Category G: AIT conference center,,
http://aitcc.ait.ac.th/home/,Category G: AIT conference center,,
http://aitcc.ait.ac.th/accommodation/,Category G: AIT conference center,,
